EcoLocationID_short,Latitude,Longitude,Chl_a_sum_mean_monthly_max,Chl_a_sum_median_monthly_max,Chl_a_sum_overall_mean,Chl_a_sum_overall_median,Chl_a_sum_cv_monthly_mean,Chl_a_sum_sd_monthly_mean,NH4_mean_monthly_max,NH4_median_monthly_max,NH4_overall_mean,NH4_overall_median,NH4_cv_monthly_mean,NH4_sd_monthly_mean,Oxygen_mean_monthly_max,Oxygen_median_monthly_max,Oxygen_overall_mean,Oxygen_overall_median,Oxygen_cv_monthly_mean,Oxygen_sd_monthly_mean,PH_mean_monthly_max,PH_median_monthly_max,PH_overall_mean,PH_overall_median,PH_cv_monthly_mean,PH_sd_monthly_mean,TOTAL_NITROGEN_mean_monthly_max,TOTAL_NITROGEN_median_monthly_max,TOTAL_NITROGEN_overall_mean,TOTAL_NITROGEN_overall_median,TOTAL_NITROGEN_cv_monthly_mean,TOTAL_NITROGEN_sd_monthly_mean,alk_mean_monthly_max,alk_median_monthly_max,alk_overall_mean,alk_overall_median,alk_cv_monthly_mean,alk_sd_monthly_mean,omega_ar_mean_monthly_max,omega_ar_median_monthly_max,omega_ar_overall_mean,omega_ar_overall_median,omega_ar_cv_monthly_mean,omega_ar_sd_monthly_mean,Secchi_mean_monthly_max,Secchi_median_monthly_max,Secchi_overall_mean,Secchi_overall_median,Secchi_cv_monthly_mean,Secchi_sd_monthly_mean
CBHE_BA1D,-23.428043,151.952453,0.9746971904083913,0.996585065,0.6139971619214687,0.5717168363143994,24.025727329650646,0.14751728393504562,0.080418781,0.064996704,0.046946350933632953,0.041149062,26.130792098733313,0.012267453360409374,6967.468158,6984.721133,6883.221103617956,6886.878031734443,2.139880766584486,147.29272451780503,8.099383347915817,8.095249124500032,8.087553012520743,8.083567409731659,0.33841058559756154,0.027369135510184675,94.17470365550543,95.66804447,85.32912886097542,84.63175420319712,10.60365376699479,9.048005386810658,2252.9831008898423,2253.5618790278295,2249.8505616845828,2250.520453023263,0.17612700978373055,3.962594518897522,3.655477015126482,3.6681741008376574,3.601054503672377,3.6048222119523343,3.2251772371078955,0.11614039014829021,16.970402801388136,17.227603803706305,14.755044251617916,14.598331464464286,9.505890001072753,1.4025982761684075
CBHE_BA1S,-23.4284405,151.952418,0.9573114378756299,0.9806271482032785,0.6054648805446945,0.5639112054148281,24.003188620942755,0.14533087731070873,0.077250439,0.063494827,0.046215574,0.04108321,25.102634814590374,0.011601326665575947,6969.708254138962,6986.374102484389,6885.599124725273,6887.113042927004,2.139918906,147.34623743540655,8.099438903633313,8.095300440435505,8.087602900967802,8.083745199283507,0.3385403956120219,0.027379803,93.88865565229715,95.57693303061885,85.19469065049638,84.34252163492903,10.629637309139468,9.055886622791117,2252.996977656184,2253.572821812438,2249.857089308275,2250.5190830044794,0.1762755604767251,3.9659481941034955,3.655467120192119,3.668651885063332,3.6009926406593307,3.6047897313421458,3.2264425732581516,0.11618395961812557,16.954479482843492,17.211042324487337,14.749797830304617,14.600792483097772,9.482254574868128,1.3986133795478595
CBHE_BA2D,-23.434075,151.920269,0.8404138633715795,0.8505268900732889,0.5316385399352745,0.4783894296706293,25.575612597997825,0.13596981339549777,0.076737562,0.062111395,0.045272052,0.040073385,30.689642792285888,0.013893831074529604,6963.473556403614,6975.775580335163,6879.972261941009,6866.268129062751,2.1541866203203957,148.20744194848768,8.096411504309623,8.093344109,8.084971496382149,8.082894522338083,0.3422427553864535,0.027670229221427648,92.81150278224722,94.15864805671843,84.501164999405745,84.24944313077759,10.187100157455802,8.608218313,2253.315198538881,2253.7165379789008,2249.8783151644793,2249.920510244427,0.1819597058769353,4.093871964862234,3.6471333823548164,3.658144237482235,3.593212517836115,3.5982656611105774,3.384132834174208,0.12159908461774975,16.21065349714146,16.148441052790083,14.593314180670633,14.788855423917276,8.181534198771514,1.1939569904257408
CBHE_BA2S,-23.433982,151.920934,0.8287609104779623,0.8386346792048612,0.5259636312076285,0.475597131,25.514416739638605,0.13419655276525022,0.073724781,0.060403325,0.044567523025473135,0.040007928,29.44510767746967,0.013122955144031653,6965.390363336147,6976.254326172196,6881.872272903547,6866.731165798673,2.1527476686211684,148.14934491241772,8.096529804416905,8.093666233355046,8.085072430408697,8.082954080285297,0.3423031681670692,0.027675459,92.49603928358246,93.96072586496716,84.38420930757168,83.96673219238625,10.224858632038037,8.628166109462288,2253.3224449473723,2253.7245366001775,2249.881019,2249.925583143565,0.18197184063319216,4.094149902580094,3.6472257303392825,3.658247787129678,3.593241720049182,3.5983017178859114,3.382565686003622,0.12154376143754994,16.164646638911115,16.10698045983664,14.56679175959223,14.760182672077145,8.120261716208255,1.1828616145339466
CBHE_FL1S,-23.4561755,151.925688,0.7613291102603792,0.7509108282167732,0.4960918861507214,0.4652918535309148,26.400950090396456,0.1309729712651584,0.07143553,0.053201085,0.041870423084828204,0.037829589,28.272672978937642,0.011837888,6964.222093789027,6980.577439750622,6882.026768425078,6864.625139620797,2.1986555556441103,151.3120638848928,8.095269582786154,8.093153094327267,8.084340810630334,8.0822574320545435,0.34287884184725687,0.027719494142474425,91.65799256783654,93.14187165169092,84.02047517533644,84.44424122232726,10.232300951765431,8.597227881,2253.6567503424367,2253.9760346119783,2250.0481539153084,2250.3019945075835,0.18543437257491602,4.172362676846332,3.6447631784463175,3.6529371142870506,3.591546783718104,3.5954342061851867,3.4485835243138405,0.12385749065132617,16.70148857480304,16.59861426801219,15.069295336272674,15.253636487621346,8.758600720327745,1.3198594098710938
CBHE_FR1D,-23.472098,151.977937,0.8896618001641416,0.8609288921447095,0.5769484323689249,0.5532567044746765,24.13898126143667,0.1392694739776874,0.091428485,0.079958554,0.049687964,0.041331456,33.55974531399399,0.016675154105680923,6964.3535360280475,6981.732812055241,6881.593512248736,6888.127303517563,2.222803506929774,152.96430192291672,8.097197915226367,8.093330778250293,8.086359281148814,8.083028570001073,0.33764261278837476,0.027302994756326096,92.74299568199115,94.60516087368936,84.81995738365592,83.99620833214887,10.866833045831076,9.217243158426957,2253.4250956295386,2254.0904606006425,2250.2163647788225,2250.9275642299935,0.18253488475001087,4.107429848074908,3.650071160155337,3.653783837536533,3.597975657361392,3.6034137413676706,3.3177875905358416,0.11937318987043664,16.515987917227104,16.617987255218182,15.018010268527215,15.083754979954753,8.530430051275435,1.2811008610500763
CBHE_FR1S,-23.471972,151.9777105,0.8774525371863293,0.8462145426573727,0.5708241840959355,0.5473089807402838,24.076024890067576,0.13743177264146259,0.088650473,0.077257175,0.049083777,0.041125579,32.63283465864005,0.016017428,6966.117974121868,6982.553533224942,6883.536523000193,6889.136754039358,2.220754785751717,152.86646676349412,8.097255116109894,8.093408303992133,8.086413038097033,8.083040339698995,0.3376808223800344,0.027306266048092387,92.54890442259388,94.52754953491662,84.725065471565145,83.94298354420339,10.887382107293266,9.224341618543688,2253.430852611206,2254.092930468771,2250.2193911026197,2250.927753257915,0.18259092591874285,4.1086964214173705,3.650020353918063,3.653701479733609,3.597898855526095,3.603273501769815,3.318061229041265,0.11938048698533077,16.527792657237782,16.63182773419729,15.024564075422388,15.09079480766646,8.546973779238009,1.284145551971165
CBHE_FR2D,-23.4708255,151.9510635,0.7389892866670847,0.7232464493919124,0.4977172622233261,0.4794681736289389,26.753635876317112,0.13315746402880307,0.092171846,0.061953626,0.046874744,0.039354378,39.71981196972408,0.018618560143227453,6960.754993,6973.43666,6879.738589509127,6867.637031175825,2.269502836177723,156.13586241052295,8.094111660100019,8.092414708712226,8.083874327172742,8.082098831984581,0.341555274,0.027610899125428322,91.14600996781411,92.44572645970554,83.79273954024411,84.39739211220733,10.399992793911784,8.714438874006657,2254.0190781231604,2254.6272168415658,2250.481056993555,2250.876166667143,0.19007208163704706,4.277536191875069,3.642860883998923,3.6450357006243297,3.591244106267402,3.598173011563685,3.5056495127470666,0.12589643151292093,19.061953111424216,19.346560806170604,16.562429349329893,16.622448330170663,11.81459969672725,1.9567847276765946
CBHE_FR2S,-23.470371,151.950669,0.7307486594117317,0.7105361662074074,0.49334287609783367,0.4754136035853198,26.607790534871057,0.13126763909082004,0.089083783,0.061181083,0.046245483607042816,0.039357299,38.46762296023772,0.017789538270095773,6962.140564879846,6975.762946498132,6881.3146696804415,6869.297566742482,2.2652939390170794,155.8820041369642,8.094188433179895,8.092469307875442,8.083937286574612,8.082123481150902,0.3415997171975002,0.027614706909362144,91.01648315581622,92.38528765626604,83.74436274009922,84.39837138131409,10.41694360696114,8.723603040645113,2254.014584793353,2254.616573796164,2250.476491340906,2250.863156,0.18998335629179003,4.275530770807168,3.6429113527682278,3.645197271508574,3.5912646264225785,3.5983233107698025,3.5029577529715925,0.125800483,19.016952011550945,19.298231383192935,16.535082512775183,16.59454939927418,11.762331922560605,1.9449112888218916
CBHE_LA1S,-23.454021,151.968494,0.8979632325713076,0.8811794859531008,0.5785370850137175,0.5427068537416053,24.31220681143022,0.14065513258935486,0.077209244,0.065487797,0.044869933,0.0406208,24.57935374194731,0.011028739,6969.658893223834,6985.891480158206,6886.790652183041,6890.59365,2.194600522,151.1375435973275,8.098273771,8.094241686894737,8.08707757,8.083646556155957,0.3382670775367163,0.027355920954741483,93.18266321671992,95.09285634753196,85.00209275,83.96871655795675,10.833655274457424,9.208833704938497,2253.134148202903,2253.6424363571864,2249.9095468136575,2250.5588927087715,0.17956723847833825,4.040100441,3.652875527138512,3.661527576160663,3.599736913,3.604342986513782,3.2620439972953585,0.11742500188572798,16.126809649895844,16.276799075134008,14.647314595570815,14.627078880298074,8.174274362663164,1.197311681804365
CBLM_BA1S,-23.900155,152.393624,1.2708825849523857,1.2582305323229903,0.9378801461585349,0.855200409,32.655347737917324,0.3062680230929568,0.123287465,0.1172166204526074,0.065094861,0.059036191,21.63092743211699,0.014080622165866204,6977.4039729988235,6978.8025375949155,6908.784815836333,6908.084348106365,2.314781660512561,159.92328388125597,8.119910678850776,8.112486777341964,8.108889704163799,8.103375700973602,0.3321216976828328,0.026931382148697246,92.46368877724858,92.75705507,82.73861351617224,80.89446429896563,14.800392388888191,12.245639457519172,2251.8703964272577,2251.6766431105193,2249.6493515129464,2249.742782456567,0.13480145527324833,3.0325600643846453,3.723933142653838,3.742812433621962,3.6805163135930683,3.700548229780409,1.9961156455800277,0.073467362,16.096169745148334,15.95676039227879,13.969036599007563,14.324559690593716,17.945125728293863,2.5067611807232923
CBLM_BA2S,-23.894298,152.404406,1.2970162518027364,1.2425212728898205,0.9582450911048652,0.8691335210783198,33.382500209371955,0.3198861695443781,0.11998318664901844,0.11727181978434266,0.063839757,0.057996245,21.516414053400737,0.013736026412002913,6977.311674929804,6979.417109022959,6906.4743993894535,6906.928969230692,2.3162418804923846,159.9706525041434,8.120545657807547,8.115081448804506,8.109492975288203,8.103672661,0.3300085570226705,0.026762020749603432,92.73858107480496,92.59671557896972,82.67022584508277,80.92432547670398,14.876218569035201,12.298203488229541,2251.975997455496,2251.8155375778856,2249.7294660925777,2249.9489088086693,0.133177415,2.996131538235893,3.7254592019524835,3.7433204581719233,3.682333474585564,3.701134663304491,1.9644176488397633,0.072336409,16.078170198366287,15.80441921904593,13.902207429506056,14.133444947466288,18.386340858402107,2.556107244831085
CBLM_FL1S,-23.884903,152.413621,1.3398347677439808,1.2651289356253266,0.9741075335310648,0.8920357716665381,34.430597089548755,0.33539104008902193,0.10315804697840683,0.099680499,0.057352626,0.054262601,18.246018790884367,0.010464570868503088,6981.543015863637,6983.140191526708,6908.371435644241,6908.323202018004,2.3289346173431253,160.89145385936297,8.121384833495378,8.117630328701082,8.110204146438438,8.103572561455943,0.3289740819931141,0.02668047,93.32646648663152,93.12645283209017,82.67573347784449,81.06268378589397,14.982896489680586,12.38721956906964,2252.004030855914,2251.9064419964425,2249.6734322343127,2249.881915257534,0.13276490034126762,2.98677669,3.728308661004993,3.7441149992787577,3.6846557451725923,3.7026362396107886,1.9287653384375394,0.071068363,16.13987497530607,15.945355911307258,13.81878004019208,13.87172832326254,18.932042034232083,2.6161772458272377
CBLM_FL2S,-23.917571,152.391971,1.1833243499048072,1.1609938379201694,0.8774513308017325,0.7956864329689382,30.021390838627564,0.263423093,0.159768991,0.1594988700665207,0.079206058,0.070043571,27.00594686137655,0.021390346,6974.620483804857,6975.670289967058,6907.900679278323,6907.968580871845,2.302525883237961,159.0562011287543,8.118780809,8.110017882303287,8.107295604,8.102156750703987,0.33670375270614433,0.027297568540844558,91.16853903907679,90.70677350339928,82.41031042,79.42002712212557,14.507671231987263,11.95581689658181,2252.129151280461,2252.464686832669,2249.838021925932,2250.100794051194,0.13517301476442542,3.041173881553597,3.722864152005421,3.741628448117152,3.676886090236429,3.6992045346051943,2.089737692,0.076837275,16.279357494593786,16.207079517822216,14.287701906188385,14.556846552683384,16.69037295356986,2.3846707346371514
CBLM_LA1S,-23.896147,152.413821,1.3004686799805556,1.246387371751921,0.9603895087237037,0.8730802269830646,33.440783595243715,0.32116177728371803,0.11897782978216165,0.11688666589268049,0.063483139,0.05799194,21.425851231181827,0.013601802966085135,6977.377289199503,6979.345355252705,6906.282911712995,6906.7776648639665,2.3174705573532615,160.0510730864682,8.120682076734644,8.115538116,8.109600968,8.103629650499029,0.32969955410505725,0.026737318,92.75581333,92.59856311049175,82.64392988237937,80.92958626716639,14.882848482920771,12.299770864725804,2251.9991774297323,2251.8195185966406,2249.7537016324977,2250.002520208389,0.1328431356536597,2.9886433617328896,3.7259512437351536,3.7435244382687154,3.682766770413357,3.701123497597724,1.9594546001669513,0.072162143,16.085302791505615,15.79419111478767,13.895413366422172,14.09997022474026,18.436918257433568,2.5618860038997537
KEGK_BA1S,-23.1965435,150.9368275,0.31175832967195605,0.2524522058976595,0.20532004083921804,0.15261950645235248,58.99379673037954,0.12112608753942056,0.2581637632643033,0.026100105,0.066992457,0.02014952,422.0575451657439,0.28274672042155125,7033.960566168141,7022.396875469007,6925.609131126471,6901.893179,3.6908451046316437,255.61350558210347,8.059879348036045,8.062875239022974,8.047326932,8.051655248418696,0.3837473856852851,0.030881406718838676,110.97034541356231,104.34705802759709,100.13904817390767,98.20382684838292,15.62956570195749,15.651298327655761,2220.6676437546907,2221.5226858586652,2201.340843436222,2200.758587131339,0.940545718,20.704617040322997,3.4383432896859527,3.348645344346631,3.3549646672602216,3.275268314850575,7.675007164980259,0.2574937785947781,11.878856541608739,12.289680904434915,10.01995635542339,10.522541889990803,14.166330788509926,1.419460162173601
KEHW_BA1S,-23.2018935,150.966579,0.3129127382748887,0.27059190212993856,0.20882575339853457,0.15899057104094105,59.69025497285091,0.12464862465256216,0.19987316331414684,0.027743941,0.05197804,0.021133518,337.9421942,0.1756557279713027,7019.997600682016,7031.729425411158,6912.293562344224,6902.883374227342,3.609814159124747,249.52095173377012,8.061225743917788,8.067483371,8.049255356384428,8.054327194,0.38304848195532326,0.03083255,107.38270258978957,101.66301049335787,97.87629268,96.66456081,13.929573271023612,13.633749903908289,2224.9313291567873,2225.908409385362,2208.4007961604116,2208.7809627200404,0.8579883780286764,18.94782217134909,3.4561188151336335,3.369098142374794,3.377878699104206,3.3121957793391563,7.37603428,0.24915349077211407,14.38696339777028,15.112253708791268,12.447952397768418,13.458663886362665,17.630034725483178,2.1945783303381883
KEMD_BA1S,-23.1619975,150.9208225,0.28654861409121124,0.2344862501928406,0.18922641356296868,0.14142563173278166,55.90632501000638,0.10578953377129205,0.21283859914760184,0.026283106,0.060257198,0.020602156,408.5829503614366,0.24620063630647596,7021.085536730652,6999.760938853558,6918.461027726704,6886.104380143441,3.6884040553915276,255.18079711735407,8.059831360928216,8.062168612464163,8.047373655321627,8.052149450520467,0.37635151482025475,0.030286413,109.16390672033707,102.83926931295191,99.10219601116053,95.86268596,15.28874160499958,15.151478673026531,2221.7188692604695,2222.0349095866336,2202.1064070713687,2201.549688049183,0.9124914477453817,20.094032634779342,3.4359559627780722,3.3427521727654685,3.3531640684834643,3.288254336784332,7.610526186969264,0.25519342952397805,11.69200084493723,11.950737990021755,9.890558851,10.295021965312271,13.123738605624983,1.2980110902124629
KEML_BA1S,-23.150495,150.90294,0.28845233874360604,0.23598042720254028,0.1894281220968836,0.14469964752176193,55.70608708464901,0.10552299465810523,0.25425196783756276,0.025951072,0.069175553,0.020843961,437.4955370017157,0.302639956,7026.238046325778,6986.092444432431,6921.319508593078,6878.966928,3.723016763585188,257.68188556621226,8.059518837958347,8.064929108545167,8.046672080309529,8.051340170517173,0.37466079980554295,0.030147725973817003,111.32699522927946,104.44058664315308,99.94846432700253,95.75029898988132,16.334268226756375,16.32585025,2220.558888633014,2218.4881013712325,2199.769066991497,2199.2947555017913,0.9587936096056081,21.09124524039538,3.4329334529657576,3.3322748787928353,3.3452933629480985,3.276452174711334,7.656678613951391,0.25613836149478236,11.881539878894422,12.106096307159476,10.00959411088986,10.442691672139505,13.250372301792943,1.3263084855912477
KENK_BA1S,-23.0843065,150.885571,0.26201523649996056,0.22436938655837207,0.17146235427021014,0.1334379608199602,54.439710760233254,0.09334361,0.2321714536251957,0.027347592,0.058783131,0.02013131,410.22567585718537,0.24114349760151726,6993.891083699511,7010.131601311995,6896.771963265411,6864.339888029619,3.5421684801457096,244.29528263031384,8.061200095,8.066211104861042,8.048838058290665,8.053477901999388,0.3599044782755492,0.028968128620934862,106.8397745185468,99.5243802,96.32985923331458,93.23670404,15.407896513517846,14.842405022286526,2226.9002983081255,2225.0796588435587,2207.650584778008,2207.4906081287677,0.8263309072412316,18.24249910591247,3.452539319036137,3.3563107683482647,3.366656196,3.3081097153873893,7.0619492265468295,0.23775155121755842,13.532949643853215,13.80405544361083,11.632351023494397,12.151933250047106,13.04175543231992,1.5170627715131026
KENK_FL1S,-23.085374,150.899147,0.2599525997752575,0.2221305842124044,0.17061974350095935,0.1326312708357559,54.405800837518385,0.092827038,0.21583920681873564,0.027286103,0.054753972,0.01998772,392.0527975123803,0.21466447708896863,6991.5029230568825,7017.141981,6894.248416154473,6865.720148585129,3.5231313882615876,242.8934299342656,8.061218523837397,8.066135563177362,8.048922453125504,8.053694801006515,0.35962294365463077,0.028945771858408458,105.57021866960278,99.00123550729654,95.58902633,91.76910736,14.686016545894558,14.038220223375125,2227.703668848163,2226.279663,2208.956835872716,2208.5878826683866,0.7901953477905692,17.455074151767963,3.452983055292259,3.355800884886015,3.369311004715994,3.306409959972907,7.054038638652593,0.2376725001290401,14.136585774223702,14.47268733067368,12.194034987097305,12.77559986668881,13.197480760947961,1.6093054214054299
OCCH_BA1S,-18.6532055,147.708533,0.4257793557937872,0.42627733801610546,0.25897353475405543,0.2746147447258636,50.24260737923252,0.13011505628260034,0.2660634274344291,0.19065005369139248,0.094096928,0.042978503,81.71825789859882,0.07689437,6797.076330241323,6799.963787186649,6730.427702297135,6719.495239291289,1.8145111445466697,122.12436073383786,8.079536444782768,8.081360677596123,8.069702690656232,8.074188242,0.30107628164113087,0.024295961,57.86329394232102,58.18382587,54.294213524089436,54.42879608444521,7.271354333894253,3.947924648137677,2255.1458435923305,2254.8216749195126,2253.046633487007,2252.812516969824,0.18624428914202973,4.196170686576308,3.7614126777222174,3.751841241863368,3.723226766681697,3.7197477069244984,1.9469757197643347,0.072490321,25.694338307119477,26.09620422832181,22.448492082847068,21.61117604424955,15.997319032403782,3.5911568964569502
OCCH_BA2S,-18.660365,147.702675,0.4193870315242333,0.4157064493297596,0.2561862130707314,0.27308442284151613,49.460920560283625,0.12671205933331342,0.26356373014122825,0.1915415961408044,0.090555162,0.0422795,81.97821955852977,0.074235509,6797.021019775433,6800.224590371826,6729.846464484213,6720.812986007019,1.8294491232832513,123.11911714281533,8.079410456329922,8.081546189216029,8.069682290853983,8.073684503361916,0.2988475562504833,0.024116048323395145,58.00442486301993,58.20942272930442,54.45536028496154,54.755633082507714,7.305470337876946,3.978220193001888,2255.1818000729886,2254.761038,2253.0397441758387,2252.795058887825,0.1902180536412746,4.285688349135633,3.7608880982613977,3.7512063408698832,3.722502253,3.719904723851001,1.9698177476251961,0.07332651,25.565864863720947,26.214931793295083,22.334138653699608,21.48810703196112,15.62392751,3.4894696331704056
OCCH_FL1S,-18.652217,147.7184615,0.4244303253550156,0.42226039411206023,0.2577366310341474,0.27373522296710634,50.76294508,0.13083470447099915,0.2675636590387129,0.19222932299727297,0.095316865,0.043416289,81.93024439566825,0.07809334,6797.005554333452,6800.059566559749,6730.554767741403,6718.9837400333345,1.8092715740966072,121.77401419174913,8.079537143584213,8.081303343369251,8.069669441383468,8.074382467806743,0.3019649656996481,0.024367574560748572,57.79704218,58.12389681514213,54.21158275267091,54.250349850191895,7.265001282994558,3.9384721825131983,2255.146874985329,2254.8280505666867,2253.054265563328,2252.8150577748547,0.1850239512199008,4.168690025273786,3.761829701433898,3.753063706140309,3.723597005555367,3.720027721502181,1.9371258965379061,0.072130762,25.764405623043764,26.033603690377067,22.524730311544808,21.543721331094044,16.115795658930676,3.6300395097337805
OCDA_BA1D,-18.82579,147.62735,0.3955590071825072,0.3765480509271365,0.25526640569460407,0.27874839,43.57618856991995,0.11123537030113755,0.1594098946562934,0.14572090302917975,0.054690169087696625,0.036928734,40.139590669455394,0.021952410008234453,6791.5005320057235,6788.622237,6723.647313017055,6696.174272449647,2.0305552225423185,136.52737165979408,8.079233221249757,8.081778946,8.071384905923301,8.072465007070386,0.26378379751045095,0.021291005616529822,60.68206446044837,60.00045674678566,57.26305846933736,56.91027122000167,8.024514709528916,4.59508255,2255.603434262879,2254.1364121263646,2253.226243534601,2252.1582782054743,0.24873606840982604,5.604586370546379,3.7458421431289204,3.734321117,3.7077361452740387,3.7141372033656745,2.3505242408632623,0.087151237,26.02482087166351,26.523991051103156,22.532766552577574,21.81064765335357,14.72272761040948,3.317437842625451
OCDA_BA1S,-18.8259,147.62727,0.3626698990413963,0.34611762954163444,0.22958936288705414,0.2483372555753214,47.024896302857286,0.10796415982002792,0.28396410221341273,0.29215881177149655,0.085982313,0.040636983,72.40799360666543,0.062258067391643225,6786.745963839814,6790.788575784668,6719.080832818002,6696.2536878507135,2.0170786670112544,135.52914609801405,8.077665033918592,8.079634823170586,8.068560712485635,8.071888199136628,0.28148193945761885,0.022711541179820032,60.59856164789572,59.89685273508899,57.032063624091066,56.81353294648761,8.100643555272327,4.619964186403746,2255.682078051571,2254.209729031446,2253.1990870316004,2252.2028217901147,0.2506003159285202,5.646524030599724,3.7530633610311064,3.740118401988163,3.7115770031307367,3.718020025439275,2.374365585713637,0.088126407,26.026394010404033,26.524850562762303,22.53418319592785,21.81009847149025,14.724198979169065,3.317977972098895
OCDA_BA2D,-18.81433,147.6372,0.414974855,0.3938441599799742,0.2662669274721461,0.2841023831647276,41.616432055319805,0.11081079495723335,0.15141579088972035,0.15989284269553442,0.052832371,0.035911681,38.615387031643344,0.020401424600990172,6793.884147427766,6797.7391453479195,6725.621422214174,6699.746409435607,2.022701161619511,136.0392226332568,8.079710513403848,8.081740972,8.071910524192914,8.072701091565104,0.2642809838962043,0.021332524552558293,60.43639020959025,59.88531481321347,57.123042431674214,57.02397857606161,7.880924424895884,4.501823803241453,2255.5656040442664,2254.3181715932446,2253.230213656619,2252.273494663696,0.2380317332360019,5.363402931,3.7467034362540175,3.7359578221448846,3.708965873213647,3.713707279451434,2.3026008973550014,0.085402681,25.667169003753088,26.280625333325087,22.24176259645186,21.408845428739724,14.486100735150838,3.221964134995117
OCDA_BA2S,-18.81448,147.6372,0.37461624708420904,0.3655274252515805,0.2380468036115476,0.26401035237354487,45.34864051720643,0.10795098923250109,0.2743876006933549,0.2611390317474609,0.081689628,0.038732431,74.04648628140129,0.060488299074020285,6788.697074247824,6800.311834544693,6721.153506344613,6696.443463471078,2.013019254117188,135.29811418148955,8.078010256937645,8.079968719756682,8.069131529411703,8.071819784163317,0.2817993231803114,0.022738758,60.295424760297564,59.65534133,56.8590569,56.57448014994644,7.9909322170486465,4.543568695988964,2255.6395467606644,2254.381147335908,2253.1993848889797,2252.344727,0.24003099164215316,5.408376827223914,3.753955822077642,3.7414335784958808,3.7127063600911407,3.7164131735144146,2.324520123120755,0.086302606,25.667422410127067,26.28051740314665,22.241976833324646,21.409584655872305,14.484413421946213,3.2216198777522425
OCDA_FL1D,-18.80592,147.6688,0.4214087727581947,0.3938729836054242,0.27517074369854233,0.29352730682831435,40.311349656943044,0.11092504064592998,0.14265243493015559,0.12920733200325937,0.051731220894074025,0.035717336,38.517413897364364,0.019925528465930327,6794.8552984391945,6806.067312806716,6727.293177122065,6700.531823278007,2.007329370384694,135.03893177625682,8.080053248952787,8.081774291330575,8.072343863117391,8.073249752196382,0.26526008348319274,0.021412706070355576,60.20727852358054,59.85474808,57.019255507136876,56.752649637965085,7.760363623543016,4.4249015627908985,2255.616004372923,2254.497115840558,2253.357711,2252.3067362544343,0.23075344143532261,5.199700465596783,3.7475148344155182,3.7374025739190433,3.710686618869486,3.715219241941489,2.2578478279747087,0.083781657,25.459567911838896,26.172993483897905,22.121679334001335,21.419422599163227,14.506952947984587,3.209181612287604
OCDA_FL1S,-18.80575,147.6686,0.38103890394083895,0.35733367806248517,0.2456451016253513,0.2681059837895564,43.887056475291594,0.10780640447910535,0.26010082092584386,0.21538364578216468,0.078401915,0.038029175,75.56162433192443,0.059241761,6790.100605277975,6808.290926736765,6723.103868579369,6697.475664797984,2.003399030974428,134.69059775452337,8.078440235466173,8.081696984459771,8.069676552323296,8.072267140217049,0.2824514207171218,0.022792916069313603,60.044575768017985,59.49859448,56.73409065190423,56.67449352477219,7.8872102249496905,4.474736998929218,2255.6757016335264,2254.5414433541273,2253.320104036694,2252.382982223576,0.23253463495727134,5.239749678340533,3.754483009845946,3.7434562954146458,3.7143255321817485,3.720335129464286,2.277271748845304,0.084585286,25.459671334493567,26.172883703916607,22.121367277828178,21.418690827300903,14.50688995199258,3.2091224068706303
OCDA_FR1D,-18.81966,147.66394,0.4064819557547133,0.3823377223361984,0.26740790369834166,0.28728001687267485,41.07983203163401,0.10985071767859239,0.14557437087698494,0.1500363707905141,0.052225272,0.035409988,38.43924848336429,0.020075002009205478,6792.759671751033,6800.553849720296,6725.547064,6700.681474948041,2.0206952591661023,135.90281067052456,8.079680405423627,8.081385154065707,8.071970018126825,8.072919694122124,0.2642026054260324,0.021326355,60.409972464902104,59.89654765160552,57.17553611830397,57.05731959974125,7.8713633858967125,4.500494215706329,2255.6232748331795,2254.3993098265923,2253.3134227625505,2252.3234544867646,0.23804478666788614,5.363895130173957,3.7465327589623283,3.737001874140488,3.7092456203198685,3.7148158352164153,2.3016506372106726,0.085373875,25.582056683630597,26.264175820065834,22.253172458471145,21.492117877398876,14.529387692676451,3.233249700411172
OCDA_FR1S,-18.8192,147.66391,0.37100947806515766,0.3479119438872418,0.23953344569703888,0.2679338053364185,44.60639655,0.10684723865722077,0.2678749895115386,0.26202989710409225,0.08063811,0.038799013,74.37387414,0.059973686,6788.399606527411,6803.095388303388,6721.316717771901,6699.811164287354,2.013002217897221,135.30025460064505,8.078163524,8.080537351614007,8.069266053929708,8.072136283,0.2813761540272072,0.02270499,60.284899021239674,59.65758976358511,56.912226358731935,56.62213723970088,7.9741655877021795,4.538275169493171,2255.688608408379,2254.446866299855,2253.2817439409173,2252.363124617588,0.2397412440054775,5.402045683872273,3.7536928737235624,3.742842385739176,3.712987068993358,3.7167444338828552,2.322183920003626,0.086222389,25.580447872479727,26.262728321298727,22.251752290034045,21.481860478158215,14.527763207949649,3.232681882315659
OCDA_FR2D,-18.83191,147.65257,0.3924237131423179,0.37266161416054194,0.25859868000639863,0.2826474956155946,41.969299625628715,0.10853205483980626,0.14856178811155843,0.13712901771332614,0.052535330544360714,0.035399204,38.87974346,0.020425601741485146,6791.434493886024,6795.027429140543,6724.311305336115,6695.243656499194,2.0292806362351756,136.45514723935855,8.079437686312724,8.081282249914432,8.071652544066131,8.072712324727624,0.2636861859710517,0.021283832738283343,60.56325414922131,59.885549153974345,57.264635560720855,56.84324429886284,7.965380674544092,4.561346214301763,2255.653895285805,2254.355929213334,2253.2773708245495,2252.1854000733997,0.24379216375396717,5.4933136577116715,3.746064045760121,3.7369816775750286,3.7082459334904643,3.716339914184105,2.3349428003775445,0.086585421,25.77179657,26.437039189860194,22.41748835270486,21.736126026681063,14.563531363889245,3.2647779472423912
OCDA_FR2S,-18.83187,147.6525,0.36185574306286206,0.34376038546953996,0.23248453561568946,0.25439541596268306,45.31450889894035,0.10534922558023176,0.27374891319759775,0.2982576618381287,0.082476071,0.039671251,73.57942594,0.060685419236759935,6787.136156067317,6797.464145193383,6720.034552471392,6697.245794,2.019618125400794,135.71903585490836,8.077943272,8.079862215484699,8.068917656139009,8.072105,0.2806643954792574,0.022646578961321617,60.48748204,59.77777145940525,57.029194018141766,56.77525287,8.046721943668796,4.588980669355267,2255.7262543874867,2254.4031969703556,2253.2531415954027,2252.2185068330846,0.24541845575772292,5.529899064415815,3.753315334,3.742644945358787,3.712047448,3.719044196215855,2.356943884847684,0.087490875,25.77164821844939,26.437086880280113,22.417175987833033,21.736597780551136,14.56270903820921,3.264548113691426
OCDA_LA1S,-18.833,147.63338,0.36386034046665433,0.34474009076450984,0.2318734638360674,0.2538295247212249,46.12337123119851,0.1069478585117482,0.27873458565969667,0.28788185758983165,0.084045814,0.040216739,72.83025416872005,0.06121078,6787.128805845884,6794.531109567829,6719.693895258469,6696.235430662608,2.018178049539431,135.61538719034758,8.077797560865518,8.079408887931265,8.068772540946318,8.071995645674887,0.28103839366582184,0.022676349,60.51754677994467,59.79433250424871,57.01799045901149,56.65838911801815,8.065729953,4.598917134862465,2255.6849988119075,2254.3088953728256,2253.2188694666124,2252.1920194416048,0.2474598920896152,5.575812982924927,3.7532481474938804,3.741093507006594,3.711834845059089,3.718440458801181,2.3628145586606384,0.087703774,25.858559200789152,26.38548064173604,22.43206717316004,21.782443327086643,14.603906368707023,3.2759580865337563
OCDA_LA2S,-18.83125,147.63316,0.36448214126117223,0.34468034166996275,0.2321848165828628,0.25497259801752364,46.058526024880834,0.10694090417163969,0.2785309742308372,0.286900472,0.083874139,0.040201328,72.91324784234628,0.061155358624134605,6787.235998089162,6794.834982281185,6719.770790332389,6696.220524203837,2.018181710445259,135.6171850743311,8.077808162095561,8.079417263822936,8.068792862372444,8.071982445933955,0.281060773,0.022678212,60.5045739,59.78465380141745,57.00950214483924,56.64056720128812,8.061591991561125,4.595873459337228,2255.679998,2254.314808966408,2253.215137980632,2252.1768145813953,0.24699122190387507,5.5652436014214475,3.753284376466307,3.741115500071322,3.7118651099222784,3.718306422934204,2.360893513757812,0.087633183,25.84513217061961,26.36714279218548,22.418164607428206,21.79216673,14.588590014864788,3.2704941234352236
OCLB_BA1S,-18.9493475,147.6929265,0.3411899464762139,0.32975376503945847,0.20975261674511914,0.21721233,43.62720741393823,0.091509209,0.280461826,0.222400856,0.081165747,0.037446404,70.75443976125761,0.057428369,6780.210706634414,6776.488217789953,6713.026743520972,6690.965915908513,2.0829121931852583,139.8264525725856,8.077361714,8.076573285883205,8.067879098964985,8.067987782,0.2687947745124192,0.021686037,62.22695312120366,61.32305119343618,58.29028884421186,58.31210475727294,8.296427832288662,4.836011747192646,2256.254132,2254.7084279833734,2253.2789326907473,2252.066992623377,0.2787089834125814,6.280090806752245,3.749285487904148,3.746978181189863,3.7048827611884363,3.711082365604238,2.6155221551304906,0.096902029,25.43194202272686,26.44710608426752,22.614285462199263,22.594640128313504,12.842274245886767,2.904188557803331
OCLB_FL1S,-18.944062,147.699285,0.3414460736111545,0.33010521647987323,0.21150493155222105,0.217896396,43.12272713617637,0.091206695,0.27628403493264797,0.21522681269608937,0.080438744,0.037303735,70.76645485,0.056923647,6780.326943851978,6775.262503940615,6713.391854589815,6690.868969,2.081291064284143,139.72522477995733,8.077411344683469,8.076663144,8.067993198138076,8.068573078076307,0.2689069120137692,0.021695391,62.173105199450724,61.17983811047828,58.27729376,58.283033754299446,8.276020248102498,4.823040631829821,2256.250736019409,2254.6908671017313,2253.3184800999998,2252.0632906257956,0.2776016973269894,6.255250346940319,3.749228753,3.7470620295731623,3.7052292924117496,3.711427458,2.6064255529012264,0.096574043,25.222711704812344,26.217457766611123,22.504863578936693,22.510801567491935,12.519697327285298,2.8175408040013394
OCLB_LA1S,-18.949382,147.701909,0.3414890999241288,0.3296814319741044,0.21045244207557182,0.2181987374495541,43.334050987779364,0.091197569,0.2788447098449187,0.21847921376305943,0.080660042,0.037466812,70.79223474547788,0.057101046,6780.274945492406,6776.4965177354925,6713.146249,6691.230749702098,2.0834866151209606,139.8675036,8.077382939399824,8.076635414611697,8.067926181181793,8.068173393997226,0.26863077814649844,0.021672933,62.22615553417573,61.29410229,58.29602823703942,58.31726340348447,8.289332841340888,4.832351813850266,2256.2534290761546,2254.6972221894257,2253.286037,2252.0700513709426,0.27823739693928373,6.269484416277403,3.749257742134862,3.747167636546286,3.7049169535353106,3.7111328878453937,2.6141342502931755,0.096851503,25.351798019258716,26.34412313856701,22.57211814,22.541712967607044,12.707756624390894,2.8684098382048995
ONLI_BA1D,-14.65072495,145.4502155,0.33534897469336156,0.3027689883358677,0.19994672055031065,0.16482790833233665,64.07144124,0.12810874557376095,0.14186118229487685,0.12750108167395896,0.040669947,0.025474911,50.89307545087962,0.020698186747089835,6787.225194910351,6785.852372548475,6702.097848895319,6695.667205146493,1.8185344949542894,121.87996126775079,8.073554650870886,8.072008061407532,8.062088846868178,8.062194225521655,0.2568314920416415,0.020705983075134316,55.579728135082114,55.598801356640145,52.05104674248023,51.24177990384904,8.190199255,4.263084442475253,2253.1125337297963,2253.099626,2246.5653809885275,2247.3310607975604,0.27348002864102716,6.143907647366826,3.741832885025483,3.745465302758557,3.673725156167401,3.674793945498305,2.330373664184515,0.085611524,25.164817552201413,26.81740661482818,20.98816208388662,21.53976699493484,19.687033178224606,4.131946432954316
ONLI_BA1S,-14.650714,145.450096,0.31869931264512735,0.2763526501832421,0.18902676950127412,0.158934696,66.13973687493463,0.1250218079713319,0.20745377438765264,0.1415324838884328,0.059024824,0.029652593,79.62019636365504,0.046995681,6782.809651190969,6772.603748540656,6698.234991,6697.632149692691,1.837392588586163,123.07287328835413,8.072820274745702,8.071300411,8.060936099589702,8.061882880399773,0.2657703372950451,0.021423577061017607,55.51477452010379,55.56735694125289,51.994129145609094,51.11526699,8.102044498792944,4.21258748,2253.3500304109652,2253.2033673390997,2246.5023867033333,2247.3585012978856,0.2786664170836202,6.260247710724194,3.746235364054424,3.7498543291376625,3.675270200319765,3.6758063262441696,2.327243988313184,0.085532505,25.163418299478195,26.815136512990204,20.98676406184697,21.53719756,19.686450881378327,4.131548998626262
ONLI_BA2S,-14.667794,145.441894,0.2858388251750692,0.25598974890597614,0.17442524866740067,0.1448959303003183,61.57678870571144,0.10740546682133707,0.1938013323205108,0.10162506371537729,0.055243999,0.028968873,80.01336122329282,0.044202581,6776.1813616279815,6772.776483076166,6691.576523196642,6674.308267441291,1.8575657600202384,124.30043430045355,8.071747946,8.071585950818353,8.059715277235703,8.062669786856144,0.26108035687981157,0.021042333,56.064116705708415,55.37480288312407,52.429117198055486,51.62912568175213,8.600961670560656,4.509408274418077,2252.9187446013066,2252.484923850675,2245.463408930143,2246.362957844238,0.30756792659048815,6.906325249194535,3.7393662935084415,3.742157665332913,3.6650138406647277,3.668008501801707,2.5044912301157813,0.09178995,24.40865996165362,26.03082478668991,20.288628092518234,20.46554051216984,19.859537609091188,4.029227726402299
ONLI_BV1S,-14.684389,145.44,0.2700879982128761,0.24513988175595275,0.16674775377760354,0.14156568557830873,58.71279182,0.097902262,0.18966119186721356,0.092524796,0.053418251008403916,0.029224375,80.41535346460901,0.042956475,6773.0455710409415,6770.954672802019,6687.844982121622,6671.069576,1.8706604878096464,125.10687356650931,8.071126971,8.071591750747578,8.058960253,8.061224880636805,0.258166818,0.020805561,56.52051272,55.25236599875359,52.69324072000988,51.83457498958461,8.959217111678791,4.720901839285222,2252.7437019890763,2252.285834740834,2244.9047507072455,2245.700835267534,0.32454891481346587,7.285814007016307,3.736359151992792,3.7385147440373334,3.6593060693910346,3.665748663525617,2.6181652873386243,0.095806681,23.89237366,25.464813040348613,19.947600792114383,20.054333199801544,19.917210901739733,3.973005719602527
ONLI_CL1S,-14.663694,145.451111,0.31386988413249634,0.2841849461665089,0.18668650874636403,0.15930393676928206,64.74473627932733,0.12086968775691674,0.2036387787856737,0.13220448624728282,0.058180931,0.028635607,80.18411193514501,0.046651862443818665,6782.506304,6783.637308751802,6697.130328,6698.477668204877,1.8383070600230964,123.11381963396607,8.072711695,8.071423520059586,8.060744867,8.062403125291702,0.2646526830085141,0.021332978,55.62173910411218,55.619112260756815,52.07224913510569,51.10414840765009,8.158376648425826,4.248250213748582,2253.266307755472,2252.980643695062,2246.309411833126,2247.397850421164,0.283881963,6.376867246186405,3.7448618079698193,3.747069594673679,3.6732098236595263,3.672294555426172,2.362156667273596,0.086766971,24.96975370279586,26.48587846159659,20.80689057408872,21.25130889816916,19.675451048617454,4.093849569644225
ONLI_CN1S,-14.658139,145.451583,0.3160856079402858,0.2754612200885759,0.18783054724060558,0.15863216233394314,65.72011607963083,0.12344245367953181,0.20641706051094624,0.14079579313605914,0.058702858,0.029643887,79.72541528,0.046801097,6782.357390956716,6774.377142528084,6697.755496814822,6698.046647548442,1.8380125816735204,123.10558872118624,8.072743409470888,8.071335183774128,8.060839755778863,8.062038080861157,0.2653251367382021,0.021387434104267626,55.564406676779775,55.58916877413253,52.02536666174775,51.11208043,8.132993630907285,4.231219757056106,2253.312698404947,2253.1664342261142,2246.412914187692,2247.323047438715,0.2808749155654974,6.309610375977109,3.7456272491448988,3.749161224,3.6743846927477066,3.673995514055579,2.341487462486365,0.086035257,25.064857281324326,26.770519370362585,20.933587638950954,21.47249765,19.63043474749725,4.109354261774417
ONLI_FL1S,-14.6980975,145.445447,0.28242074475418116,0.2492664069824211,0.17066531038166785,0.1452993110911406,59.757292073129044,0.10198496799228547,0.1947454731386567,0.10038592210932296,0.054918202,0.03011658,82.87677795950061,0.045514436497098916,6776.180950353896,6769.272737180511,6689.4466542744585,6669.872994954984,1.864854886104901,124.74847278561808,8.071523406831004,8.07135743,8.059191353374926,8.061676148,0.2613560179068975,0.021063181596677708,56.33292897737778,55.52480872000388,52.52312989,51.68427919349412,8.653596166679716,4.545139554781369,2252.764643926459,2252.060150310004,2245.0516238117993,2246.0349514566674,0.318814163,7.157542544914569,3.737907921803557,3.738761767140916,3.6615096683616146,3.669637823,2.557059381,0.093626976,23.985711048523726,25.534435378028828,19.986851137635313,20.19505620779753,19.768153532485552,3.9510314191970837
ONLI_FR1S,-14.6912735,145.4693795,0.31248530678661196,0.2656001934732592,0.18394429376900087,0.15771071066838369,63.43193660286207,0.11667942780813499,0.206104392,0.1302711613430681,0.058148292,0.029807767,82.74549253650588,0.048115091,6782.909703050101,6780.485069037179,6695.595617963056,6685.542609995032,1.840696483505658,123.2455930896049,8.072541793,8.071251198989309,8.060294983,8.062780188506057,0.264960096,0.021356565328855655,55.82605541277701,55.94592480447744,52.12965421124121,51.198808621724034,8.167738513125991,4.257813843770953,2253.129063760489,2252.4765572639963,2245.951689,2246.9157829705705,0.2922037367562043,6.562754762,3.743483007476368,3.742000525787903,3.6703491708309968,3.673650045,2.3972191641784293,0.087986314,24.650949725604583,26.27037900662149,20.572330555445202,21.099019146798568,19.620071728705838,4.036306011244816
ONLI_FR2S,-14.649439,145.492935,0.38378015546749683,0.33504381523784155,0.22007862660464475,0.1650422134288945,70.57276922,0.1553155812566451,0.2332914146721483,0.133885117,0.063100168,0.028924449,80.21838220136272,0.050617934,6796.213862614166,6795.181008531123,6710.328476023137,6697.969074480096,1.8014346044006904,120.88217923603428,8.074682833192899,8.072592279617796,8.062782245466918,8.061709707378343,0.2706498265215439,0.021821906160166056,55.10185070118005,54.618687140288806,51.536856127543025,51.01723170230237,7.743812781057732,3.990917651760012,2254.135573,2254.006537781445,2247.967350296635,2248.6535592647447,0.2373210620217637,5.334899989626475,3.7564785474827547,3.750578639,3.689402871610717,3.682446839540859,2.1200340240282967,0.078216596,26.76911358480841,29.17926867845045,22.101417455768317,21.97488001109666,20.976008467802128,4.635995197
ONLI_LA1S,-14.6877065,145.465276,0.3235519977080865,0.27617316254794744,0.19007843696650212,0.1608496168013999,64.28541482670214,0.12219271170002742,0.2064970942071253,0.14345886656092763,0.058460248,0.029352328,82.42347176323976,0.048184966,6784.451473289979,6778.430112484589,6697.848365350824,6696.247933717063,1.8309822726433431,122.63641621810551,8.072794659728437,8.071324997583577,8.060660740974722,8.062303179394817,0.2655887823979996,0.021408210715188336,55.72091673761304,55.685419306227615,52.071112812011876,51.19260853239277,8.110006890863248,4.222970837203339,2253.2120848784657,2252.739066322427,2246.197646023666,2246.996965435831,0.28432265516771477,6.386448787489194,3.7445491002449796,3.7421651979525614,3.672842655134936,3.673931347741575,2.356592286294803,0.086553927,24.722969028252752,26.421010993473345,20.74206416958472,20.929147712528103,19.570227370124652,4.059269119244887
ONLI_LA2S,-14.686861,145.454972,0.2966486205992203,0.25597716037092977,0.17812196570530547,0.1535957829895473,61.749590587787296,0.10998958456994502,0.19801763828968202,0.12223640305579846,0.056069075,0.029707814,81.44424125278205,0.045665033,6779.004789365359,6776.020824707914,6692.950847760204,6672.598419229141,1.8491014909440158,123.75945391408408,8.072004963388427,8.071350343863188,8.059842192595324,8.062626657437324,0.2621259875713358,0.021126941,56.07424268782708,55.741682117920504,52.347714234743336,51.581096827854026,8.462154378068348,4.429744391934041,2252.981800212044,2252.310785820313,2245.548749562581,2246.446188539217,0.3036027111390703,6.817546883621488,3.740466996863308,3.740435643800079,3.6661738251079905,3.671317429764195,2.4759846572406063,0.090773901,24.294492371650737,25.828396173841792,20.358113083930014,20.75603128855996,19.59517682971868,3.9892082579901817
ONLI_LO1S,-14.6835,145.450361,0.2947846741634228,0.2560459153738432,0.17783196861109385,0.15219305977097175,61.54892093823565,0.1094536577633502,0.19700232667380654,0.12077894990796646,0.055787163870112025,0.029537913,81.02945732132336,0.045204036,6778.326023,6774.827643344669,6692.633490254273,6672.552491,1.8493645288175178,123.77118981252434,8.071907445544857,8.071364258541697,8.059769854658247,8.062480532702985,0.2615984605533138,0.021084233863926032,56.11467174338459,55.68370973111447,52.38849016356116,51.600754048263056,8.520390548093673,4.463703964185048,2252.960476861059,2252.337885071145,2245.4973669474894,2246.362190883418,0.3050776222881659,6.850509975626772,3.7400088731169965,3.7405975956046102,3.665597980715436,3.671495409,2.488954549265095,0.091235068,24.32608809187993,25.90910676789211,20.34997774833494,20.652896225198017,19.757545333814242,4.020656079048386
ONLI_NT1D,-14.646028,145.453583,0.3398287640546104,0.3014029555852763,0.20185277668734541,0.16473657874925762,64.51053504,0.13021630624221536,0.14336340038269985,0.12893642840041225,0.041004593696024216,0.025189898,51.405331162508595,0.021078547,6788.082432,6787.320615773408,6702.873482261763,6695.418523028629,1.8160331375667964,121.72640360705107,8.073699970335909,8.071977525654821,8.062224916285716,8.062111816449724,0.2572376656723289,0.020739079175906252,55.52731322993224,55.47707113975483,52.007904368815375,51.22335776079727,8.147611397207946,4.2374019438026105,2253.1707727300436,2253.1350552906924,2246.675473730549,2247.4159733758943,0.27028066351195534,6.072329377359294,3.742585539090731,3.745460464235704,3.674789196,3.676878106506869,2.3125247944525613,0.084980411,25.273635213157913,26.92308512019226,21.06979864096024,21.93074955264701,19.73861119919264,4.1588856341919165
ONLI_NT1S,-14.646083,145.45375,0.32278395329425624,0.2792166036733411,0.1908877941092687,0.1590507750354005,66.61121172,0.1271526726805908,0.2092642656547349,0.14592019792491462,0.059440041290787546,0.029635226,79.61274848617097,0.047321851,6783.6807,6773.082702203917,6699.013586,6697.4085560963895,1.8351968777186367,122.94008816271919,8.072937478956312,8.071392219,8.061064931030348,8.061793686,0.26625502807881224,0.021462991,55.461899261344286,55.44149107243383,51.950127550280314,51.11163685181389,8.057230157,4.1857413435465265,2253.4039548695873,2253.2836429797335,2246.6136028979336,2247.445166340481,0.275506445,6.189565264599984,3.7470468762758484,3.749931494064845,3.6763782976976667,3.677616906959122,2.3091687858809413,0.08489378,25.275308475636695,26.926493270552463,21.071616942772152,21.93588473536979,19.739611671463603,4.159455357401554
ONLI_PA1S,-14.696806,145.449889,0.28497731322010306,0.24822009437274625,0.17134798639280083,0.14750874462548125,60.10558727091837,0.10298971349828624,0.19604977631221002,0.1038219145199346,0.055285943,0.0301279,83.20051471256562,0.045998189,6777.015883815577,6770.947617256024,6690.011298020028,6670.432932758641,1.863417951441499,124.66287148076965,8.071665285,8.071402193969641,8.059317442937374,8.0622795805460985,0.2619483220563592,0.021111246810969923,56.269667438145575,55.62042892337345,52.46581048899841,51.66160371000008,8.574149386,4.498496967703462,2252.804902461292,2252.0978590933087,2245.142932649443,2246.085344,0.31617885148983327,7.098667139,3.738577306970955,3.739521865571463,3.6624451952665087,3.670683546830411,2.5374788823230854,0.092933773,23.964170250461418,25.482698010148606,20.020151477812462,20.27839279299017,19.55398488868861,3.9147373946640185
ONLI_RE1S,-14.679194,145.443583,0.2825953998477005,0.25099093805222805,0.1725532021485326,0.1433433263351303,60.94412604778141,0.10516104101688477,0.1926020647894217,0.1032003740178374,0.054870211,0.0289526,80.5218717,0.044182521,6775.762344600461,6771.505436978772,6690.760053032567,6673.140966264608,1.8606319697472204,124.49042056580002,8.071635983781073,8.071590887455082,8.059544559998933,8.062575567695507,0.2607641164281155,0.021016400160011463,56.15153630936365,55.39761825132149,52.47407410870725,51.70186973514924,8.649380831073929,4.5386825072420525,2252.8674977902974,2252.338616965151,2245.3146268909845,2246.199298,0.3115245184884199,6.9947055799722015,3.7386581797789082,3.740601113323195,3.663664552194096,3.6660164799123502,2.5261431791829168,0.092549412,24.23898228878061,25.87072602806505,20.190969688538328,20.528465561436285,19.77448920967385,3.992661122388529
ONLI_TA1S,-14.685111,145.466972,0.32712670599558935,0.28090924768831593,0.19198447124333812,0.1616003855523448,64.64488346787086,0.12410813771166396,0.2074270860870244,0.14545540831171064,0.058732285,0.029124483,82.19389238313816,0.048274351,6785.012586397112,6778.080503,6698.536214473999,6700.235631369762,1.8281869766823944,122.46176670136752,8.072874492857808,8.071314504950571,8.060769403014923,8.062160395358195,0.2658000896608771,0.021425532,55.68057438992422,55.58576232131187,52.04506169797667,51.196596640847545,8.085965111581988,4.208345531199714,2253.2481877943715,2252.865476,2246.2925913709846,2247.137557501007,0.28158707378780634,6.325269576753841,3.7450557101166995,3.7423427194773287,3.673732346,3.6743533099820622,2.343418256195633,0.086090914,24.850209373407935,26.61630888,20.82051421,21.00719599337018,19.694791030249352,4.100556765977094
ONMO_BA1D,-16.8471725,146.2174315,0.2961794904988231,0.27526960191621774,0.1756693703921358,0.18441737170882472,47.67462162,0.083749708,0.16212777896699035,0.095403406,0.053390823,0.030709004,64.82600135091973,0.034611136,6771.895682934139,6762.300397398646,6702.583327286749,6686.194473746659,1.735864073361433,116.34773596548403,8.073549215258803,8.074688612786115,8.064765225375206,8.065223926886503,0.2733046621985108,0.022041379356314672,55.97560010493076,55.36395260752806,52.396918898079896,52.12214177582403,6.303352129616142,3.302762303215362,2253.726376734211,2253.6925381634674,2250.2332234648147,2250.453134277422,0.26143315881838136,5.882855796884752,3.74622861,3.735447673492188,3.7031616861858514,3.698269225330122,2.3790821185783964,0.088101257,25.51882686931972,26.37586922093721,21.009500247861983,20.02375728996369,20.752474619542824,4.359991206630345
ONMO_BA1S,-16.8472105,146.217424,0.2686566448411146,0.2537048763554151,0.1589111987474512,0.1655070735565254,52.02292464507945,0.082670253,0.2404815773616765,0.17677684126475965,0.087203455,0.032646957,83.33468710434789,0.072670726,6763.846783,6756.932002496408,6696.9216380700045,6677.3031186947665,1.7221096291727918,115.32833238735981,8.071959521074767,8.073163473,8.062437678893088,8.065018738266193,0.29081454817992386,0.023446741708160874,56.13261485,55.36925841335609,52.29175659474742,52.154170849259096,6.352607982,3.3218903035872818,2254.014517401129,2253.944109311398,2250.1976165495257,2250.7020102476235,0.2681216893581315,6.033267863,3.7532773646484263,3.734861710868152,3.7062264727781304,3.698333722641941,2.3938665800031127,0.088722117,25.51881383098798,26.37595316,21.009248397095913,20.023429172775035,20.75268946902982,4.35998408
ONMO_BA2D,-16.881947,146.18377950000001,0.26534922390748167,0.26070043568955303,0.16485661141305832,0.1709853082910462,42.29203186263544,0.069721211,0.13704231106010403,0.10659322144365407,0.042977098,0.027598303,53.28922041453845,0.022902160508652156,6763.894979914211,6736.359191368846,6697.062454718393,6681.965540871788,1.7923428963295513,120.03432316989861,8.072023659184222,8.072274708364759,8.063709444303893,8.065608772949616,0.26204860653393053,0.021130838,57.55136215584079,56.69690971235711,53.57200761176174,52.92425775978541,7.066953982851539,3.785909125612926,2252.9094331541746,2252.4928120720424,2249.1823367991105,2249.503602124444,0.28777019735199655,6.4724764494130484,3.737434931096709,3.727115222368108,3.691885622720015,3.690861061129722,2.6749442478545284,0.098755882,25.221035747450905,25.73695144679223,20.355277068663867,20.363696218690333,20.880405248424623,4.250264341376664
ONMO_BA2S,-16.8820015,146.183993,0.23966597012068686,0.23055031148815797,0.14880324701624903,0.14875907452997864,45.860202545607315,0.06824147,0.21792757603063576,0.16621707009616085,0.070231933,0.031389867,77.20519615944114,0.054222702,6758.025123560674,6737.045279271014,6692.241948,6677.129086344165,1.7719147202566687,118.5808202,8.070529169705926,8.071065733358479,8.061413408615213,8.064690621203603,0.27885450508264853,0.022479614463260217,57.896327515363936,57.80744744200987,53.497754176698606,52.80685970231224,7.100026704327917,3.7983548327613046,2253.1668821151015,2252.600426860023,2249.086361636569,2249.6881706767554,0.29579047894200833,6.6525833209041965,3.744640996600136,3.7292317058846782,3.6950140067926585,3.694645168188131,2.6896822125558484,0.099384134,25.21288106134351,25.729099276546403,20.35217986320762,20.363937245621077,20.86578153365806,4.246641388
ONMO_FL1D,-16.8484505,146.2372885,0.3050146488443304,0.291910517,0.17998278541187226,0.19057594983329357,50.17651424,0.090309088,0.1699652982419267,0.13026463523103604,0.060345901,0.031588011,67.87424720335045,0.040959326,6774.289850555968,6759.006615437702,6705.4315676457445,6690.630531810558,1.7169329731808656,115.1277655789884,8.073966407912522,8.075112759179753,8.065120819848334,8.067036012575285,0.275084927,0.022185931746694497,55.27944634187705,54.813713178311325,51.998152760845315,51.64917798307572,6.102429708,3.173150721511296,2253.9438806672456,2253.9354776395635,2250.616781628724,2250.828442715267,0.24710560597204548,5.561400236352206,3.748712639132311,3.740490209803476,3.7069970815798956,3.6992146096542258,2.2886324869707773,0.08483954,25.407099857031152,26.12994610654933,21.300113463351824,20.38852102,19.94206877460803,4.2476832759311645
ONMO_FL1S,-16.8485425,146.237223,0.2775861655734487,0.26570261839784565,0.16318533073571892,0.17130028431571426,55.13031707876098,0.08996459,0.2554188488426762,0.25246226040860315,0.098953121,0.035504853,84.34245469296312,0.083459491,6764.261332,6757.289399647318,6699.098565515145,6688.160256025173,1.7040148197309197,114.15363234475953,8.072302657519275,8.073808995821771,8.062727177913342,8.064860783005726,0.2937487166321109,0.023684157610668853,55.35529283899423,54.81554913147364,51.87960911246317,51.61593491033479,6.159477273605711,3.195512732917647,2254.2363291066576,2254.222606855435,2250.5880333219593,2251.194719916178,0.25388368786979376,5.713875897754054,3.755385843570943,3.740994164067713,3.7099829322687214,3.701025094501509,2.304756033365797,0.085506055,25.402462561761116,26.12554870926251,21.296982228353052,20.38616888307946,19.936064909366053,4.245780200780617
ONMO_FR1D,-16.872083,146.2536695,0.3150299609854752,0.3078052435789359,0.1834458132640825,0.1866675270517026,46.05551193193733,0.084486908,0.15574281743320675,0.1102547304367624,0.053510644,0.03044574,65.84377030024523,0.035233425,6775.677919621861,6773.747410868282,6705.413202900411,6683.1207646248595,1.7324737798201768,116.16952556884993,8.074276105,8.075276023,8.065157473217836,8.068707556414784,0.26961299341443984,0.021744712487131005,55.74488410061632,54.96304666308333,52.32515036505721,52.13929625265302,6.219345132916259,3.254281693,2253.757003034825,2253.5811709327927,2250.4106909439565,2250.6247385524325,0.25107202133896445,5.650151610181148,3.7466163508734645,3.7367196699967713,3.7043045760256152,3.6954886166731864,2.351976446895423,0.087124371,24.304594415315687,25.39556812518838,20.40161647810419,19.102376702934748,19.073417978388953,3.8912855852166883
ONMO_FR1S,-16.872041,146.2536145,0.2831210909349053,0.2595840951351014,0.16482458993988822,0.16797950663833022,51.95520796318901,0.085634958,0.25085798853993807,0.2036646205694218,0.091270472,0.033147873,86.44297406,0.078896911,6764.370154893018,6761.443655101809,6698.129704,6677.783060145867,1.7139512376342918,114.80267696398205,8.072226247106455,8.073982587326373,8.062671675155253,8.065068535,0.28954742480458195,0.023345258205860482,55.744553924559646,55.167226168335326,52.18335891887389,52.09590663429105,6.331250274659003,3.303859054877497,2254.0445615578255,2253.8369890432346,2250.3637871523038,2250.6598135999507,0.25887011517659647,5.825519327693588,3.7524417416798226,3.736566653962884,3.707007254323127,3.696640862,2.3703610621626647,0.087869457,24.30294143239192,25.39296999,20.401089237289742,19.1025534,19.07008671,3.8905054077214976
ONMO_FR2D,-16.8830355,146.244797,0.300437512,0.29694270047046684,0.1775035695800444,0.18144536088667493,44.83402073054216,0.079581987,0.14807550152464835,0.088587559,0.050376138,0.029715891,63.81304982365164,0.03214655,6774.285085654739,6764.789845953295,6704.788279421357,6679.276017121315,1.7434150838087585,116.89229020087366,8.074053950450832,8.074903822087778,8.065032005790234,8.067848573536395,0.26828306320042805,0.021637114913228964,55.95959269556443,55.334652606306825,52.481031885703864,52.37267522949577,6.322903823819498,3.3183251718810993,2253.648318118249,2253.344837230762,2250.2276203804026,2250.5404466482596,0.2558184991770024,5.756498526523521,3.745397221546772,3.730967569325704,3.7026165421269925,3.6929789262610937,2.391911412635248,0.088563308,23.020995578846577,23.721257031316796,19.76709993697315,19.02538242613485,16.73713576,3.308446352724074
ONMO_FR2S,-16.882674,146.244602,0.26892620619398183,0.24351723985669416,0.15911269196877734,0.16302736936641252,50.562308469093345,0.08045105,0.24458235367921805,0.1724872263006151,0.087465346,0.03232268,86.11880689824018,0.075324112,6763.431406,6761.435993076876,6697.323487059774,6677.743019924685,1.7232950499898887,115.4146441343113,8.071981058761617,8.074129489506022,8.062476258397949,8.065113644,0.28778289150293973,0.023202427,56.02687293891913,55.39613488538523,52.34580059774796,52.32451520285345,6.427171271390092,3.3643542577976002,2253.927462732595,2253.727831864478,2250.1692641705467,2250.5765596380884,0.2640237953012175,5.9409822919645565,3.751413210348643,3.732414387272765,3.7052703735083083,3.696304476058582,2.4110349774697446,0.089335365,23.02257107009144,23.723054390492003,19.76866293079822,19.03098717479408,16.735858410546925,3.3084554377566664
ONMO_LA1D,-16.8599245,146.2257455,0.2935132214748672,0.2833898782945493,0.17617722750335563,0.18271375211768892,46.158721476355616,0.081321156,0.15229641331676907,0.080987181,0.05135517,0.03054544,62.905071598660136,0.032305007,6771.502467,6761.049221266127,6702.795960755851,6681.312153,1.7421013920331736,116.76950173747103,8.0735082928445685,8.074690962257929,8.064781776647932,8.065304463674412,0.2700070633604899,0.021775480441559025,56.08295507794449,55.55068793,52.555767279087426,52.42857051453252,6.399358682,3.363232056362962,2253.572635029145,2253.4574428980004,2250.157613,2250.421005145906,0.2610289485679232,5.873562757439857,3.7445504786014157,3.728479501185345,3.701818488174991,3.697928015600299,2.4128570802300566,0.089319589,24.68502261,25.429190358034106,20.57862447519576,19.772666485888298,19.51367478176473,4.015645855
ONMO_LA1S,-16.859841,146.2256785,0.26645378898620636,0.24878613443181397,0.15901573681067663,0.1660504856901974,50.97660895454236,0.08106083,0.2394456506263845,0.1778531933397767,0.086032678,0.032136304,83.03838791474564,0.071440149,6762.661944967945,6757.770376307448,6696.528663565181,6678.631672762655,1.7247539103829053,115.49863998475257,8.071743301616623,8.072925462212162,8.062363465,8.065075365,0.28848691331592957,0.023258864,56.24098030382456,55.57265589313878,52.44915689132379,52.33329899176797,6.463438311,3.3900189005336787,2253.8606610504426,2253.586355094357,2250.090671603949,2250.484298097312,0.26885678966041043,6.0495215441227455,3.751449472860664,3.730251871271504,3.704688242880877,3.697829398154606,2.4303231195719857,0.090035895,24.69112666373304,25.43607864595375,20.581433586924696,19.774520101113843,19.524253848893714,4.018371339252648
PAOR_FL1D,-18.5715,146.4954,0.21890972164102787,0.1920333598810402,0.14676865581431792,0.11908441509313046,55.28916302689335,0.081147161,0.10092783896152469,0.046321127,0.033679254,0.023549478,63.86048128337818,0.021507733757529433,6792.214338187369,6815.966206849607,6686.837657731468,6720.021952118243,2.885662400973015,192.95956010326162,8.057101010276824,8.057642982,8.045606098,8.044648070051892,0.2139153030535725,0.017210782666016264,79.90743949875117,79.75868489,74.8459249,72.62314545743929,11.923631435714693,8.924352230273925,2247.631747292081,2239.9423593538218,2237.734299845405,2234.4597047315215,0.937560498,20.980112846295825,3.672403827701915,3.698399041,3.5864023231842923,3.527784021122303,7.608037449478671,0.272854832,20.784214384201512,21.264384043863068,17.286460378449952,17.401556383129883,21.745065661920503,3.7589521599158138
PAOR_FL1S,-18.5720395,146.495178,0.20884574870790323,0.17679689602419732,0.1354865576915814,0.10869819097029727,55.49160124633959,0.07518366,0.15332127007491092,0.087482682,0.04547283,0.026656065,80.13709930559108,0.036440607,6793.008856549698,6809.613308469111,6686.818664882078,6717.302027679876,2.8656144227005362,191.61844008069227,8.055648052288287,8.054368682671726,8.043909031337698,8.043815920499357,0.22420114178037318,0.018034535892033673,81.07485376886113,81.69760176,75.03499826704568,73.21466725121913,11.726827274861824,8.799224642,2247.5200712511746,2239.8068668514243,2237.4458728056784,2233.7514332973033,0.9279619506234354,20.762646365431124,3.6741924463744753,3.7034046750509577,3.589097264868143,3.531005118694279,7.612411262825342,0.27321684442457883,20.77448760187009,21.264345603106182,17.273873701990617,17.395330342246048,21.748855884693846,3.756869897149969
PAPE_BA1D,-18.5505,146.4882,0.2250237420737645,0.2110991400744278,0.14711391003327118,0.11619344535428898,54.73223543598309,0.080518732,0.10102889328265434,0.046073568,0.033818364,0.024195199,63.52053349242438,0.021481605383530344,6798.646748887791,6823.501089955317,6690.560832380722,6723.559778,2.9007593797643336,194.07707090412248,8.057031968447127,8.056054093,8.045675448250753,8.043500879838575,0.21706991319292257,0.017464740711302194,80.61305480841155,80.97976323,75.18886402348339,73.22856330644335,11.880392603564912,8.93273224,2247.362140480869,2239.969111331845,2237.580272894412,2234.1597687103576,0.9422303944803897,21.083161432108394,3.674818339572902,3.698399796425391,3.5889608578133467,3.528125538119217,7.6110046126121595,0.27315597643301875,20.22881886846822,20.774657853524634,16.97012341356294,17.148655544632295,21.60000616770296,3.665547704
PAPE_BA1S,-18.5508,146.4884,0.2139354977585971,0.20138304366894863,0.13730994029037183,0.10806544075200449,54.719692433468616,0.075135577,0.15245491742405554,0.088271327,0.044935264130104284,0.026538788,78.36468419748329,0.035213377828861206,6799.157886212683,6812.752911343956,6690.436710353398,6721.682546480864,2.880744602778449,192.73439443581353,8.055716800107126,8.054675299898527,8.044083454607854,8.042804033588439,0.2268951769013669,0.018251637,81.66059104554395,82.52067178778624,75.36884403230192,73.51193730801083,11.704629522828505,8.82164397,2247.259263,2239.7310217392733,2237.293005437824,2233.430368518478,0.9329190459922266,20.872132562381363,3.6762511074427002,3.703107286273005,3.5913772635138894,3.5322421133879622,7.614806982212964,0.2734764466196645,20.231572010150817,20.77682890769131,16.972304998300448,17.149521601323798,21.598966600409053,3.665842488
PAPE_BA2D,-18.5408,146.4885,0.22823523606857882,0.2128479065518896,0.15057982104109097,0.1186981463434623,55.01950373556467,0.08284827,0.11282902312807543,0.048396197,0.035124679,0.02442285,65.16974577019052,0.022890663748665236,6800.848196233929,6828.232998324024,6694.694509377955,6732.790746535058,2.898983326551586,194.07807759043143,8.058039308,8.058498993,8.046646798277346,8.044354530188068,0.21233370853703462,0.017085743559658848,80.47507907478793,81.11597892547988,74.70560456405315,72.83098169031072,12.168884067498837,9.090838411323748,2247.865013193138,2239.684102720229,2237.9709180689088,2233.796782645708,0.8987401570328848,20.113543343402803,3.677079139,3.697586145628199,3.5927760618021694,3.5392194737465243,7.4182922201415495,0.26652262707977825,20.929881061605315,21.681669049361364,17.56735338210407,17.701286846789724,22.06372138,3.8760119040049092
PAPE_BA2S,-18.541,146.4886,0.2158022607929129,0.18766544032362745,0.13962969126144067,0.10972860534889424,55.25555465456908,0.07715316,0.167980443,0.094571527,0.047402804,0.0265407,77.58257339771717,0.036776315,6799.8218274739565,6815.981568138658,6694.2975956118235,6731.643975065451,2.876356200127058,192.55184394633724,8.056543413555527,8.057622827794463,8.044890203833447,8.043531243109458,0.22348356176143838,0.017979007167324028,81.48549719885357,81.64181352409967,74.87803239031646,73.13856092854189,12.005992721288814,8.989851118625676,2247.698751,2239.614417647877,2237.657042472804,2233.350147755641,0.8910956697280332,19.93966500883953,3.678696486084271,3.7053437166100762,3.5953448277320916,3.5424203663670277,7.427761189542801,0.2670536277445188,20.930878120372345,21.68233004091549,17.568106932411055,17.701581872244578,22.062523452590113,3.875967712139299
PAPE_FR1D,-18.5394,146.4995,0.21943086251603713,0.19338246647329912,0.14615219396003132,0.1189056147989211,55.54860375639576,0.081185503,0.11511282081568075,0.057219969,0.037178794983046916,0.024240761,69.08674506,0.025685619,6792.076199379431,6814.168881965478,6690.897664859432,6731.551943162542,2.8501017624516516,190.69739226999505,8.058540866533379,8.059451827518698,8.047288853928478,8.047196818642012,0.209345203,0.016846613176356755,79.40584734,79.93811492572452,73.79435799629115,71.29611447236957,12.204864027020479,9.006501053060049,2248.615854552838,2241.8320455804187,2238.8750333129983,2235.4184255588093,0.8525030808852405,19.086478636163765,3.6780406296159893,3.698007757873441,3.5956478020508276,3.548479955749039,7.2140077057185215,0.25939030951044534,21.821823931536407,22.20655795786662,18.418858152943724,18.66665039985859,21.744537992542917,4.0050956088594365
PAPE_FR1S,-18.6026485,146.500263,0.20159439876842425,0.16585068425298266,0.13228415999306994,0.10751343022739417,56.08807611,0.07419564,0.15874520638726802,0.082522572,0.047166417,0.029319082,80.95807928017419,0.038185026,6784.797682536848,6792.247715054439,6681.835023214844,6709.850230216513,2.8441312654836537,190.0401590032903,8.055231820637493,8.054063724941948,8.043638364351585,8.041889949355143,0.2240599247220228,0.018022570064077908,80.36917253916533,80.53327910313136,74.82570635791981,72.44055924488232,11.615115502038128,8.691092218688274,2247.652079759658,2241.5939678545687,2237.715704076505,2234.3357261365113,0.9283907628497633,20.774745895484816,3.6713894281038404,3.6960890951397096,3.5866797458024693,3.5291720815096825,7.618267791480415,0.27324286785802115,20.796088902371594,21.266082723518867,17.329553212171437,17.547948189104194,21.35388279190169,3.700532481287323
TSAU_BA1S,-9.867615,143.389355,0.4429153596544181,0.4501106245562696,0.32648067398891467,0.3252613264562707,31.502009368922213,0.10284797250770829,0.23938384863830167,0.16994116709902407,0.069342891,0.039429175,74.36117052666586,0.051564186,6799.640095203996,6811.518475,6732.614471833906,6745.962632673145,1.8203603639073824,122.55784529995677,8.077667085664201,8.076885741144945,8.070817590323854,8.068714493665905,0.12831524750159518,0.010356089566426334,62.57639652280523,62.158651597124994,58.962893892948124,58.94932633418879,5.968552622862692,3.519231349963301,2267.764863102839,2267.3337272367635,2262.4733657459446,2263.747709704109,0.34137475746928586,7.723512965122407,3.8745491961275826,3.861437509491815,3.8251189950996265,3.810073673948727,3.4053404384566575,0.13025832395921452,16.056609040393788,15.972344926115014,12.076295327047411,13.092159272836744,23.85107360982925,2.8803260877944483
TSAU_BA2S,-9.8757,143.388545,0.444471104,0.45105043930547906,0.32928192616436136,0.32765506240629366,30.856184078425564,0.10160383727426069,0.23824284670205875,0.17845899063193027,0.070085877,0.039747831,73.57168780868307,0.051563362,6801.0746318850825,6812.799607159942,6734.119279,6747.070603864926,1.8239175600255935,122.82478403463291,8.077811323124042,8.077150889589088,8.070940824306579,8.068469794269694,0.12903995105289842,0.010414738089193607,62.545727322610894,62.19330324311841,58.95194456088085,58.94177237635454,5.917552075588292,3.4885120189620635,2267.535929126663,2267.1677891670433,2262.2947063424253,2263.6233903919647,0.3400143034250205,7.692125587,3.873464387533007,3.859737052,3.8242561364678993,3.811088921452819,3.3837782030911576,0.1294043455761768,16.389307906237836,16.35021703,12.26052708229808,13.19098285860156,23.940170433728476,2.9351910795755973
TSAU_FL1S,-9.882025,143.39442,0.4449034884138575,0.4512973238810797,0.330608469,0.33042820550691576,30.447681144045998,0.10066261255428492,0.23502325636499083,0.1941856079580653,0.070562203,0.039906219,73.08765223267719,0.051572257,6803.558408632358,6815.317667632382,6736.174303150064,6747.197395610789,1.8227266690975317,122.78204550041103,8.077976058989218,8.077345431177687,8.071039107390613,8.068269912343787,0.1299591646084395,0.010489054999185293,62.47381444912601,62.18121675159587,58.920572915203955,58.92185245521731,5.886861832,3.4685727184075814,2267.259536209645,2266.991877,2262.026863105249,2263.3401392046603,0.3340757240302629,7.5568826206779045,3.872428772188025,3.8566156500233584,3.8230442106672227,3.812369767464971,3.3344029985042773,0.12747570079463205,16.398215318359615,16.36692819441943,12.298348419734271,13.25898463419982,23.409244902392704,2.8789505005251383
TSAU_FR1S,-9.87996,143.41004,0.444471346,0.4452073613896475,0.3297628642024738,0.33587863443657645,30.53884989920515,0.10070578612211319,0.23084086305706625,0.19286417962341357,0.071024894,0.040807674,73.76955533758098,0.052394749,6806.209335327364,6815.688714588646,6737.805383514826,6744.014970166564,1.8155316623161604,122.32699008295447,8.078052449038568,8.077360601111202,8.071019432,8.068633527,0.13062529659160763,0.010542793070481884,62.36743171669513,61.869093663786906,58.861632478798285,58.889271479554225,5.904236984,3.4753302743737184,2266.9239789420694,2266.8591385186746,2261.696282830621,2263.3610364775427,0.32211248597006803,7.285206121718334,3.870999077497641,3.851956708270624,3.8213365674489577,3.812803056367086,3.253363762742953,0.12432197913782982,16.50550058074215,16.43041814034462,12.375751497458225,13.351238897170196,22.988015395650827,2.8449396595631846
TSAU_FR2D,-9.88359,143.40722,0.46672173640491876,0.47297640018209136,0.3505221910902638,0.35378493996259625,30.118375525735765,0.10557158981360275,0.25433131498798167,0.20681799640580104,0.078224347,0.040527596,79.70484601619762,0.062348595,6802.966778074986,6815.912772477945,6735.223129223898,6748.391813780502,1.8421215315851218,124.07099546373463,8.078362639381973,8.077813382788758,8.071536979,8.069781211864385,0.13000639306181927,0.010493514090451949,62.67871169019208,62.40619447597923,59.065531792114776,59.00257404117986,5.993318174995804,3.539985252,2267.0300950532287,2266.925332411204,2261.9057916718525,2263.4270160122533,0.326027252,7.374429291208718,3.870191514585746,3.855008023078311,3.8207597668297053,3.811186177965172,3.283269362156252,0.12544583482591237,16.503422913100113,16.475955603917768,12.364694210194571,13.276391558718556,23.253929243293573,2.8752772427882625
TSAU_FR2S,-9.88359,143.407125,0.44465674180782283,0.4474922029642007,0.3300234758214237,0.3353607480784061,30.381855771452287,0.10026725643599867,0.23162449192886267,0.195949871,0.070423586,0.040214925,73.20474483512419,0.051553406,6805.262510462098,6815.654599035209,6737.482109997606,6745.9957983006025,1.8202023598617154,122.63580836143733,8.078061424487245,8.077424019010992,8.071069913,8.06850928,0.13045134275701625,0.010528819076298913,62.42089340264323,62.11153067508318,58.88552993393194,58.88844454301612,5.873754046162218,3.458791197098391,2267.0657917578374,2266.8969382125847,2261.8448050914767,2263.339257342173,0.3281533571313965,7.422319661009773,3.8717525791733203,3.8542011521056527,3.822248192,3.8120424853943153,3.293539916802773,0.12588726992756297,16.50259599754676,16.476177462100733,12.364186315989159,13.277432838137504,23.25577573680198,2.8753874413267972
TSDU_BA1S,-9.88136,142.92542,0.39823418466980626,0.4100785166590365,0.29187617860656384,0.2881593352873106,34.95713592387974,0.10203155248492252,0.14842675464083926,0.076877748,0.049287514235410716,0.034836059,73.82796482900493,0.036387969,6755.684751399736,6743.105966070861,6696.224545673357,6687.545166893282,1.6103176867889202,107.83048820607908,8.075089067206981,8.074931445674563,8.068191356650326,8.068685311,0.13203279656684425,0.010652658680549836,62.811280499623614,62.50976769258321,59.48123028165986,59.31277962409822,6.1800637720339235,3.6759779637969325,2270.358385043982,2270.3704826732296,2264.9542600794252,2266.427913035413,0.4140538766335977,9.378130918,3.8834141797665684,3.8596491176930914,3.8283452428192155,3.816694361,3.623009940856408,0.13870132871764357,13.586165726544612,14.021502143657674,8.380435490033216,7.613822743390054,30.028940125564418,2.5165559555636254
TSDU_BA2S,-9.878565,142.932925,0.3972992443076343,0.4073823752055758,0.29140245932393966,0.28838372984481686,34.91765937382599,0.10175091815368509,0.14239704081016133,0.070486099,0.04791073,0.034916837,71.15738362929427,0.034092022,6757.078367021987,6750.3731723119345,6697.5255085957315,6688.987071548435,1.6106344570349742,107.87265361014975,8.075274830347762,8.074912699,8.068335219542343,8.068746857,0.13201625460622973,0.010651513965915124,62.78329010625103,62.55948492059477,59.46376783412924,59.27955515834847,6.142954380332496,3.652832130877388,2270.444496982155,2270.383561,2265.0327026561727,2266.630391653302,0.41407560783706515,9.378947931231853,3.8845801424299506,3.8611015909420225,3.829127036784172,3.8176579367430095,3.6369809169456064,0.1392646196134451,12.778969519257533,13.091299994230418,8.131351765905793,7.457257676098105,28.915846489572257,2.3512491941564417
TSDU_BA3S,-9.985315,142.90854,0.40868165935406814,0.4256585298142406,0.30771330378924044,0.29893441549410893,34.84072928173335,0.10720955913708699,0.10724300046127459,0.059910841,0.049557841,0.037798111,56.08553385809862,0.027794779879339294,6799.459728,6815.460994997517,6733.588271079801,6736.767965915861,1.7201400848308575,115.82715099831276,8.079004612998787,8.078533813375008,8.071061150286932,8.069103172323246,0.14144778578623765,0.011416337286534108,62.28267797152653,62.32679605456777,59.152145480285384,58.46180500619083,5.221608477214811,3.088693442853019,2270.1554598227667,2269.1417168760645,2264.0909621629435,2264.4561057862525,0.40726707819942864,9.220897109378352,3.897596935541543,3.8723489330267498,3.836152426696924,3.8257264680197465,3.7708896175858606,0.14465707357308233,18.034953985501097,18.76476691672109,11.304334882364296,9.962024291,33.591398026721265,3.797284124608484
TSDU_FR1S,-9.9312,143.00543,0.40907094396229765,0.4331146314407121,0.3054792292703938,0.30069184856246417,33.213242226470605,0.10145955636913137,0.11230022979160457,0.064617441,0.042283058609855734,0.030198989,62.570317953042874,0.026456644212458205,6775.9403816053655,6778.231345014148,6714.388146766939,6721.558339875309,1.642480569875519,110.28252069667191,8.077122139702473,8.076506854300293,8.069797550463194,8.069936493,0.1355074635486887,0.010935177974146887,62.434826302399415,62.132623606807925,59.19507764407684,58.72227073369815,5.6950774971416855,3.371205546323369,2270.271262575395,2269.9102605306884,2264.969423848098,2266.577315,0.4060013374926725,9.195806154623355,3.8891778418668332,3.866833070424422,3.834173784215749,3.827777476749263,3.7131728599340366,0.1423695,12.227370705236764,12.18078812181738,9.024196329,10.33686206313125,25.189440380220702,2.273144554192686
TSDU_FR2S,-10.03707,142.926535,0.4117541891734311,0.4329097333313752,0.31504626543308006,0.31908622916909374,33.32724083382965,0.10499622761886881,0.09195257,0.06023015,0.04564274,0.036624784,49.03285501191157,0.022379938,6823.771007230661,6845.498887270465,6753.603797,6759.286222,1.7531830407205529,118.40303640480077,8.079791078432189,8.078970594618022,8.071813147472682,8.069880414109226,0.14665891725551447,0.011838033764971698,62.522500919448504,62.80304501932746,59.126718206280835,58.522669457761175,4.907490756236936,2.9016382304394934,2268.4486318040363,2267.1554701770615,2262.219266628888,2262.883386356519,0.3800115385326546,8.596694240098573,3.895573635441719,3.875344538,3.831564050313861,3.815818890616851,3.666558032283313,0.1404865194488627,17.365008355216162,17.940034970510304,11.435955094715908,10.267733734097282,28.019763239140293,3.2043275416737993
TSDU_LA1S,-9.934095,142.922705,0.37292824728397445,0.3893018505349653,0.27379424364658966,0.2587529491698944,35.97686402953635,0.098502583,0.082183885,0.045887991,0.039963434,0.033957053,44.59026407,0.017819800834518337,6779.674411999664,6785.881345925614,6717.833169061652,6725.980853428393,1.6463578672743031,110.59957488920915,8.077852757151785,8.076556699908055,8.070243714219208,8.069983916,0.13519620268080476,0.010910663048710707,62.303601470498656,62.27059755497542,59.15118244984007,58.559113318460874,5.613050308477869,3.320185628969055,2271.131251422365,2270.1962338119533,2265.3648838751933,2265.534397956041,0.4177374406275944,9.463277286776508,3.8972090761749865,3.872177406069692,3.838083457626729,3.827397488574729,3.7855377349915784,0.14529209758892936,10.178220514321584,9.986832929823697,7.933325359633483,8.608851082,22.23359295553392,1.7638632682990558
TSMA_BA1D,-9.748695,143.399805,0.4623784736417519,0.4374729371641234,0.3230385521257559,0.28535648539102304,37.80599602732128,0.12212794218337945,0.22712155765152772,0.14319113811719153,0.059610130063796986,0.032817213,84.31932057968315,0.050262857,6784.0809838156765,6772.728952664357,6719.293289698386,6721.162921756905,1.709106443807051,114.8398745925299,8.076199619863333,8.075907970900095,8.069524086647503,8.067979002207439,0.12920460183732407,0.010426196466319869,63.25311559689759,62.94412830630587,59.29206715713869,59.266891695374795,6.895287046958541,4.0883582265601435,2266.7102736412885,2267.073545092409,2261.402715,2263.2607573764035,0.2995990006242894,6.7751399356519055,3.8625825676342997,3.8374482705685526,3.813337806126686,3.8029551625115814,2.9718275873677453,0.1133258249219968,15.597688584543821,15.92947611482166,10.801938335080486,10.76608597299003,29.207675993169964,3.154995149892326
TSMA_BA1S,-9.748895,143.399825,0.4427686462548217,0.419011236,0.31283751642193003,0.28127505981407364,37.054057118102065,0.1159189920218339,0.2166659293356864,0.13225717724654773,0.059278067,0.036739422,74.69391403855924,0.044277108,6784.694166248446,6770.977321220317,6720.123286593236,6724.134000976946,1.6843349366461111,113.18938430178075,8.076022478,8.075429829465637,8.069251677885108,8.067698446204988,0.12925999497470644,0.010430314313330705,63.04735993282037,62.65088113651155,59.202073673691544,59.07409906090978,6.875504725205659,4.070441372854398,2266.6902940449886,2267.036811095298,2261.3248437897373,2263.2058619925656,0.30108353145857875,6.808476697,3.8632054204764095,3.837396950705834,3.8134951769218546,3.8029769989906312,2.967868645818242,0.11317952766565463,15.596210434722668,15.928739149360696,10.802724065803416,10.771456908111483,29.19538774524433,3.153897178
TSMA_BA2D,-9.74409,143.41574,0.46738953785019344,0.42731071479776106,0.3282768577663106,0.29712994395092746,37.79594543670894,0.12407534204269736,0.2192719697134784,0.14332995665617235,0.054409214,0.027805741,89.72791243,0.048820251,6782.9848621117035,6769.988484754143,6719.585501854762,6718.659326778532,1.7003761699931348,114.25823059585197,8.076029937051562,8.074399865450896,8.069392505550661,8.068868323019407,0.12992780204208862,0.010484384320610999,63.39255952382223,63.10798418496385,59.369684599336615,59.29136234676261,7.0503328307330815,4.1857603648097115,2266.2199315697685,2266.590305369529,2260.880405262952,2262.950262595672,0.29121117614039405,6.583936419,3.8579698027740985,3.8353777565298217,3.8090650835208755,3.8018337012264336,2.8387978887061114,0.10813165917043228,14.678327381276995,14.702711984598636,10.488151166377975,10.151624831217244,26.912474428344797,2.822621000657619
TSMA_BA2S,-9.7442395,143.415763,0.44827784038500307,0.410685451,0.3177861341121459,0.29253460274228155,36.964927473554596,0.11746941399556768,0.21087230016982114,0.13136360393469582,0.057864489,0.03678569,73.98473580809033,0.042810889,6782.291414030019,6766.518396933475,6719.069011469904,6721.036160327918,1.6673158819479728,112.02810474728236,8.075826041917793,8.075218958,8.069094311831678,8.067897874006466,0.1301383122971588,0.010500983155083788,63.147995384463606,62.882189456920955,59.267324684712385,59.09951177560163,7.031210599560486,4.167210415307426,2266.1583731145847,2266.521576526207,2260.757969136722,2262.893147343024,0.29347428089650146,6.634743192734344,3.8583631585593103,3.835403204,3.8090634834463226,3.802171740811132,2.833738773811252,0.10793890884950398,14.675902882575098,14.700684641065823,10.48740071268706,10.152303773504054,26.907078334312295,2.821853124995933
TSMA_FL1S,-9.759895,143.39796,0.43875144181403253,0.4188101768434366,0.3103087808925104,0.27910193227282754,36.81362423,0.11423590854060742,0.21472347022081334,0.14997931505792794,0.058696170242317595,0.036773562,73.85151612192733,0.043348012,6786.159387321489,6774.731044440859,6721.059517062356,6726.364002228398,1.6910176421626073,113.65430217377336,8.076139169291128,8.075592321852845,8.069330071337543,8.067495699,0.1288663664193891,0.010398652,62.905187060315654,62.53812056812298,59.141032056820926,58.997207679298114,6.801705154069297,4.022598625578564,2266.825960206356,2267.1164404959713,2261.47445,2263.319381046718,0.30374924037526096,6.869211463314744,3.8645358147504965,3.8400268742050447,3.814974153995148,3.806416131629924,3.010669811758983,0.11485627518073958,15.772740633443567,16.196303986902887,10.938790705572892,11.18384021339237,29.03086985994338,3.1756260939864487
TSMA_FR1D,-9.763955,143.417,0.4602189632978035,0.44567378318553913,0.32546219652171243,0.28803588750780534,36.72697201364639,0.11953240983152814,0.22260451941380383,0.12970960447000113,0.057614567859609715,0.030065389,88.08265500160161,0.050748441,6788.321545881844,6778.113475923506,6722.763335362107,6724.624110510107,1.7316405946242694,116.41409899564677,8.076543794042532,8.076143428428795,8.069793182730795,8.068346642536799,0.12907080691263917,0.010415747177131783,63.05544420123448,62.705592571344894,59.231123614626384,59.05298258,6.788375472682405,4.020831067649493,2266.6805303143597,2266.967546675872,2261.424177521485,2263.3018808783945,0.297886692,6.73648168,3.8626633595179434,3.8384910214222616,3.813934243992525,3.8048219846309927,2.991881178582859,0.1141083808095388,15.179718897159189,15.549669805577372,10.893438123543554,11.136204973218346,27.23055718374151,2.9663438975070253
TSMA_FR1S,-9.76224,143.421395,0.4405710550766278,0.42321149101516903,0.3145630322218033,0.27946623761195427,35.89651602470806,0.11291716926930723,0.21279152054141587,0.1437419404453868,0.059101550597405475,0.036807587,73.51888878098158,0.043450803,6788.1108447537345,6776.489739,6722.7785761320865,6728.254125701398,1.6982797457210022,114.17158690812201,8.076329479,8.075929667755116,8.069485246403877,8.067974186183427,0.12928769290589132,0.010432851304456852,62.86212739,62.59059331494303,59.13618624703465,58.99942939026256,6.786543957350346,4.013303274355576,2266.5763306138115,2266.9123977680556,2261.2607945461295,2263.258972585888,0.29839994227363975,6.7476009055820985,3.8627453719958558,3.837569219297232,3.8136368159148195,3.803545266201328,2.9711073141804283,0.1133072423739228,14.815137083514575,15.12277691523307,10.73661575,10.895101154193393,26.65029301,2.861339556
TSMA_FR2D,-9.74637,143.46012,0.4768602804856939,0.4278915075303478,0.33988015118961995,0.32435674970136763,36.00611744056136,0.12237764639449207,0.21620845597454835,0.11219918970165432,0.051055166105714436,0.024774156,94.57947519855647,0.048287708,6789.753650265965,6776.485759085112,6725.277870903062,6725.598378339092,1.7172063390068506,115.48689791497233,8.076580433,8.075095429728668,8.069798146,8.068588216004304,0.1298515889337794,0.010478761115968125,63.33426601073872,62.680438435946414,59.35445104989885,58.98234317808899,7.010412292389624,4.160991732482492,2265.928408223255,2266.139216840714,2260.6327009506995,2262.6779610550084,0.2804776323453076,6.340569076,3.8567432824449277,3.837081244026279,3.8073807584908694,3.8019589321833207,2.778428326033619,0.10578534547386396,13.18189912162491,13.094973915647463,10.209155211234565,10.709366894270374,22.12094872329741,2.2583619893590434
TSMA_FR2S,-9.74838,143.458505,0.459137588,0.4197125173628743,0.3293387102174851,0.3194615723484493,35.13631287365966,0.1157174796360909,0.21316544996431025,0.1285657462654273,0.058839695,0.036561559,72.82590482627977,0.042850540559605806,6787.481632961139,6775.384879421456,6723.072333952155,6723.869001468575,1.6750615156862296,112.61559733778054,8.076291802618572,8.074999457438754,8.069500957607204,8.068199858047354,0.13022511852198604,0.010508517,63.059249713153264,62.450806997992046,59.239371806717635,58.936702489472864,6.991823722178042,4.1419124508513345,2265.829419219202,2266.081424065486,2260.5121058283157,2262.5177510830736,0.28239160552905274,6.383496428827181,3.856948922565965,3.837065832290039,3.807419973664555,3.802269360273996,2.7778502073251667,0.10576442363218065,13.190714929293087,13.104976080596549,10.206467998156947,10.694476533074305,22.18264097261348,2.264064152015846
TSMA_LA1S,-9.73404,143.43519,0.4577610019455869,0.41178242308673335,0.3248752844332327,0.30613573170730507,36.58359922660724,0.11885107204335421,0.21239481631611523,0.12091963296479594,0.058402645,0.037022599,74.43165530931802,0.043470055,6782.624369,6767.660445853479,6719.067713286037,6717.739537052836,1.6656375716506628,111.91531629714129,8.075858470306128,8.075143577401033,8.069109207109854,8.067851749499175,0.1301174817176731,0.010499322,63.30630443840464,62.88850198938387,59.32345205970745,59.21331037,7.1223201509702365,4.225206180299711,2265.919144000855,2266.227355689595,2260.4793060878246,2263.0227274301533,0.28726267375003184,6.4935132942340505,3.856102832173556,3.835883436796929,3.806517466788085,3.802099627313352,2.7613705248301574,0.10511205135039775,14.69836303740189,14.940274716501394,10.621742120947985,11.060137382057846,25.94888520463632,2.7562236696972957