EcoLocationID_short,Latitude,Longitude,salt_9_mean,salt_9_median,salt_0.5_mean,salt_0.5_median,salt_2.35_mean,salt_2.35_median,temp_9_mean,temp_9_median,temp_0.5_mean,temp_0.5_median,temp_2.35_mean,temp_2.35_median,eta_99999.9_mean,eta_99999.9_median,v_9_mean,v_9_median,v_0.5_mean,v_0.5_median,v_2.35_mean,v_2.35_median,u_9_mean,u_9_median,u_0.5_mean,u_0.5_median,u_2.35_mean,u_2.35_median,wspeed_v_mean,wspeed_v_median,wspeed_u_mean,wspeed_u_median
ONLI_LO1S,-14.6835,145.450361,35.23602801136348,35.231934051313246,35.23706542019586,35.235209871494405,35.23560957375891,35.23356163941444,27.22322201330737,27.168910832632623,27.327453658784247,27.15665965,27.272674282699256,27.156739452443656,0.071863488,0.039756734,-0.040190149,-0.050569835,-0.005719625,-0.002063421,-0.01651975,-0.020181003,0.024862221345820123,0.032685013,-0.006069055,-0.014755038,0.019027040902853152,0.022517984693444185,1.1878484719562203,1.619362782512293,-3.638142787,-4.439418424
ONLI_CL1S,-14.663694,145.451111,no data,no data,no data,no data,no data,no data,no data,no data,no data,no data,no data,no data,no data,no data,no data,no data,no data,no data,no data,no data,no data,no data,no data,no data,no data,no data,no data,no data,no data,no data
ONLI_NT1D,-14.646028,145.453583,35.22343606979081,35.225983549377084,35.22167866982536,35.218673502026206,35.221251284628686,35.21863271921906,27.237724238696252,27.14574687803491,27.28924186057466,27.121999003323655,27.25310051327641,27.12552820254206,0.077036129,0.044598445,-0.008422909,-0.005920323,-0.027706658,-0.028903029,-0.022713872,-0.021242294,0.024820123685127208,0.026804321,-0.034175594,-0.055788494,-0.002333223,-0.011090626,1.188778638626558,1.630625517659541,-3.651670149,-4.425059384
ONLI_NT1S,-14.646083,145.45375,35.22341175833903,35.225992363836845,35.22165870214291,35.218665168814226,35.221233250948245,35.21860967085913,27.237666346035404,27.145847083007105,27.289146878074583,27.12203634662843,27.25317066417214,27.125370638408608,0.077022835,0.044627529,-0.008688779,-0.006169501,-0.027784107,-0.029170728,-0.022935001,-0.021738017,0.025012563,0.026489387097874784,-0.034043772,-0.056405383,-0.002167357,-0.011171534,1.188781901086656,1.630659379881104,-3.651681205,-4.425034698
ONLI_BV1S,-14.684389,145.44,35.23549019968979,35.23263288833695,35.23514020063938,35.23323789592012,35.23385934748662,35.231908969745135,27.234604348707762,27.168718832424357,27.304393271610312,27.163329688232004,27.26759251038578,27.163046908719068,0.073757451,0.040390644,-0.047516868,-0.056109719,-0.029038159,-0.027749419,-0.042669015,-0.053128617,0.027989531,0.035081703,-0.006290699,-0.021434201,0.025461332716268614,0.026562904025372855,1.1871922496000247,1.6186146928380256,-3.640596495,-4.441765686
ONLI_RE1S,-14.679194,145.443583,35.23468706,35.23240757,35.23491706218848,35.23416531436157,35.233384524665205,35.23237655585858,27.23067372,27.168143714313373,27.30984500842359,27.16202969705596,27.26729906,27.16179728089368,0.073481849,0.040563418,-0.046115381,-0.055028281,-0.020790974,-0.017450615,-0.034866702,-0.043710619,0.026774832470999446,0.033873521,-0.004542825,-0.016990408,0.022763110949043344,0.026096072222056097,1.1873760844945949,1.6186218033865232,-3.641722305,-4.453894553
ONLI_LA2S,-14.686861,145.454972,35.23642703277361,35.232637703860505,35.23668768285165,35.235173545525086,35.23610140943664,35.23409822222784,27.224957616293707,27.16628270545352,27.324819936342102,27.154507216851496,27.273588303268582,27.155290876017464,0.071491671,0.039374683,-0.030643641,-0.038649513,-0.00452696,-0.001064359,-0.017717246,-0.022416411,0.016267320893336053,0.019492157061632064,-0.010572372,-0.018102745,0.015510786126597993,0.017430526,1.1880422914475677,1.6142093844015604,-3.636040038,-4.435601465
ONLI_TA1S,-14.685111,145.466972,35.23299795441972,35.23107973809604,35.23040804641477,35.23138259465692,35.230839600877665,35.232283968210545,27.22521699728408,27.04674355119195,27.310210620232677,27.133718390411886,27.274602610341802,27.138190206844353,0.071130081,0.03916402,-0.01011599,-0.012519717,-0.023135358,-0.029968679,-0.022007414,-0.029208827,-0.005820932,-0.009302178,-0.039046934,-0.041121667,-0.010860547,-0.006934508,1.1887902538229311,1.607293676045087,-3.631799397,-4.408721878
ONLI_PA1S,-14.696806,145.449889,35.237708152591566,35.232302278326834,35.23673142120179,35.23444950056399,35.23643373417546,35.23351752075162,27.23526072551185,27.169559610967934,27.31832424810926,27.157014328623077,27.28006808225413,27.159815540327404,0.072404783,0.040448164,-0.038056839,-0.044412099,-0.024711792,-0.026005567,-0.03394128,-0.043338311,0.021209494323792235,0.025695675,-0.021204997,-0.033642855,0.012785248081200247,0.009527427,1.187625403,1.6051116779660393,-3.633924771,-4.43875377
ONLI_CN1S,-14.658139,145.451583,35.22512977633755,35.226853910446586,35.223075588256634,35.22054097292397,35.22264225639074,35.21975069298213,27.24268066462329,27.145858578061464,27.29316927,27.13061664238971,27.250908585984764,27.13357887190787,0.077468628,0.043489889,-0.003708285,0.001840654,-0.029874133,-0.034128677,-0.019667774,-0.019218979,0.012850286912781433,0.016450836815362125,-0.046356478,-0.058690541,-0.014101865,-0.018794219,1.1884695696589203,1.627501948939429,-3.651162275,-4.427134745
CBLM_BA1S,-23.900155,152.393624,35.76753009646309,35.75969129215101,35.768059618195636,35.76118463952475,35.76808062028198,35.761103491738474,24.83068973969678,24.964766906479355,24.83708805337574,24.964878864016065,24.837145611526527,24.964873269678762,-0.100728326,-0.121113138,4.1765477137425754E-4,-0.001406421,-0.00256671,-0.002145482,-0.001940138,-0.00230049,0.005352748,0.002433776,0.007083826,-0.003867615,0.009919511,-2.40E-04,-0.76277377,-1.512456961,-2.316377356,-2.477234179
CBLM_BA2S,-23.894298,152.404406,35.76330344579166,35.747426579332874,35.76365295941994,35.74750908254047,35.76366362767001,35.74750851,24.812360693902416,24.967291966048446,24.81581773116981,24.967293482944747,24.815906474501706,24.96729257872432,-0.101173844,-0.129267244,-0.004166074,-7.01E-04,-0.009120733,-7.44E-04,-0.008145479,0,0.00391791,0,0.002928363,-0.009212029,0.005672927,-0.003470837,-0.760216677,-1.516743548,-2.320451653,-2.474863401
CBLM_FL1S,-23.884903,152.413621,35.76018614289839,35.744180638799385,35.76073839842015,35.74427933511132,35.76080893494066,35.74431516407368,24.795123685033737,24.965277414343106,24.802321918475553,24.96593973830529,24.802411178315968,24.966067012023995,-0.100340039,-0.128918965,-0.002875688,0.001668117,-0.005623561,0.002274956,-0.004241263,0.003186679,0.006545907,-0.007300895,0.005225612,-0.01427401,0.007433763,-0.009516864,-0.756701178,-1.484448649,-2.325283866,-2.468957575
CBLM_FL2S,-23.917571,152.391971,35.77437145291769,35.76987528047359,35.77315895071078,35.76854537510646,35.77319531260708,35.768549374092544,24.876061448818717,24.959350980519627,24.874093900206073,24.960919116843876,24.874395529242133,24.960858516573516,-0.099397613,-0.122764086,-0.014154474,-0.026364134,-0.012499314,-0.024806395,-0.011093598,-0.021803112,0.036100884,0.026581841582749753,0.038179248,0.027566678,0.042557730041908895,0.037086534,-0.770429175,-1.510496827,-2.307727951,-2.454037028
CBLM_LA1S,-23.896147,152.413821,35.761047696912925,35.74517405651421,35.76139878372787,35.745846886648245,35.761426717232496,35.74585034,24.809484996010188,24.967487988886003,24.815898970132416,24.96763496733606,24.816210117384802,24.967618800541242,-0.101916423,-0.127236062,-0.004864557,-0.001461655,-0.010833467,0.003098551,-0.009800282,0.004888972,8.775598880154628E-4,-0.001823953,9.10994113517513E-4,-0.005980448,0.004805819,0.001019373,-0.76123498,-1.505798033,-2.320253535,-2.494327703
KEGK_BA1S,-23.1965435,150.9368275,35.76934870133229,35.752284836539104,35.75310841,35.756224678891726,35.75623925148721,35.756224678891726,26.712244089724347,26.586970690036726,26.796316427036047,26.549783132313845,26.77055212736583,26.553479481177103,-0.083054901,-0.083480663,-0.003628155,0.006325267,-0.026371971,-0.007703102,-0.021920647,0.002144417,0.00225067,0.002757739,0.014020148390300809,1.3166770647602617E-4,0.016899638945951697,0.002676928,-1.513369716,-1.635661834,-2.622834989,-2.784570757
KEHW_BA1S,-23.2018935,150.966579,35.76609917959705,35.72500735353642,35.75043702931821,35.723443487095395,35.75301395576261,35.72528051860655,26.56817588298147,26.379549983074117,26.67048496075209,26.460556207628333,26.634980755007327,26.464906477612573,-0.083222671,-0.075196705,-0.001132408,-0.004547388,-0.006506161,-0.016519308,-1.46E-04,-0.010450707,0.002050367,-0.001192199,-0.010306763,-0.013562475,-0.003948699,-0.006915049,-1.483712041,-1.606168261,-2.612422535,-2.771388289
KEML_BA1S,-23.150495,150.90294,35.793675995640044,35.827262461986585,35.79217482152398,35.82411714,35.79381710614588,35.825272991968546,26.883355174042446,26.651223874445105,26.948576288996637,26.704881796810813,26.931517329183663,26.70624356675613,-0.079035699,-0.076757796,-0.003464538,-0.003463727,-0.005970585,-0.003604024,-5.42E-04,0.009203502,-0.00322049,0.010646271219111825,-0.005809829,0.007747168,0.003882723,0.027038599447713228,-1.506305343,-1.572077555,-2.596800116,-2.7380598
KEMD_BA1S,-23.1619975,150.9208225,35.78117855933014,35.79245435566616,35.77201353907548,35.78548747543708,35.773489942459584,35.78678208774588,26.862959799943123,26.53944334637878,26.914811824163657,26.551781516035096,26.89212457442007,26.551236355513463,-0.079241559,-0.076139061,0.001322284,0.00108095,-0.001393456,8.500081859738037E-4,0.003101229,0.006404512,9.933191036851515E-4,0.006408178,4.621784664009873E-4,0.015447475605462536,0.007213812,0.024203542325280953,-1.498286399,-1.565159616,-2.597573482,-2.777090078
KENK_BA1S,-23.0843065,150.885571,no data,no data,35.69381011653242,35.68216841081217,35.694938386218084,35.67974028260542,no data,no data,26.6456588,26.469918469554464,26.621056162133858,26.473252622800214,-0.079583077,-0.080797116,no data,no data,-0.014162561,-0.003701154,-0.009535615,0.003434885,no data,no data,0.014174147848855461,0.010321453,0.018954038657772915,0.011189112393634314,-1.466757632,-1.506854233,-2.549063962,-2.742532599
CBHE_BA1D,-23.428043,151.952453,35.80024687911563,35.77472587198617,35.80027175,35.77471742554044,35.800254568215514,35.77472304405504,25.588089730026745,25.357194619070935,25.588143013808534,25.357940229039823,25.588012142566456,25.35728793237883,-0.097436178,-0.124368529,-0.003810185,-0.003079499,-0.003687204,0.001722208,-0.004090009,0.001713913,0.028686531119530363,0.016479072486846744,0.029209195702201728,0.014455735469355828,0.029773083170186013,0.014590318876530653,-0.697983287,-1.335726249,-2.448729374,-2.662406283
CBHE_BA1S,-23.4284405,151.952418,35.800318397674445,35.77472867049106,35.80034382353842,35.774711812018815,35.80032628874472,35.77472562344332,25.589097545408418,25.35567855040601,25.589152420875024,25.358774136338987,25.589017890599006,25.35624643848742,-0.097481122,-0.124497377,-0.003682591,-0.003265507,-0.00361594,0.001802063,-0.004015359,0.001812456,0.028484552,0.014943842983425363,0.029122670676568926,0.015281754835729527,0.029681635,0.015137420020478527,-0.698048327,-1.335625489,-2.448726485,-2.662507541
CBHE_BA2D,-23.434075,151.920269,35.79725258445723,35.77272844495397,35.79724574113415,35.77272633355565,35.79724510921511,35.77272696500439,25.61954184855934,25.40668629419654,25.618911488241952,25.40637841358136,25.619158227227658,25.406573930551456,-0.096945763,-0.117307203,0.020212201920557716,0.007063866,0.022163874,0.005387586,0.021863152554192168,0.006771472,0.006028441,-0.003222792,0.005072299,-0.005811107,0.006213732,-0.006456442,-0.719714483,-1.322831083,-2.452580494,-2.748179512
CBHE_BA2S,-23.433982,151.920934,35.796979180479774,35.77272500136342,35.79697200620787,35.77274248876753,35.79697242923766,35.772734883761366,25.61561988361557,25.40428297378888,25.615029146817374,25.403637810388886,25.615270144645738,25.403638763456478,-0.096923874,-0.118737307,0.017076352,0.004608586,0.019071511,0.004731129,0.018757763,0.005343513,0.007943882,0,0.006979069,-0.001690934,0.00813359,-0.003020673,-0.718331187,-1.327060175,-2.452384862,-2.742309976
CBHE_FL1S,-23.4561755,151.925688,35.80096887514691,35.771980145196785,35.80094776955728,35.77196519528721,35.80094412160087,35.77197137346686,25.661952092056943,25.453980195815067,25.66198899581328,25.454181527833597,25.66234621539391,25.454182333932515,-0.090744815,-0.102641273,0.022156052144822257,0.046552342,0.027842327314186562,0.050240047,0.027062546865971152,0.052321072122402605,-0.01052366,-0.034094159,-0.008842538,-0.033047165,-0.006083931,-0.030554874,-0.72447808,-1.348823575,-2.450297775,-2.737336818
CBHE_FR1D,-23.472098,151.977937,35.81116223912114,35.78192256974383,35.810672792200464,35.78101138,35.81067662024931,35.780993118852486,25.66674509299844,25.465931306266793,25.66996491250464,25.46365762,25.670374434093098,25.463501958928656,-0.093340265,-0.106862359,0.013072593294540814,0.023235207,0.008924131,0.020152017365806782,0.009017379,0.023069204320547636,0.036466642326886116,0.050114816572677696,0.040087244,0.049355459,0.043085246,0.04991624,-0.700264366,-1.3421962,-2.442618753,-2.650967087
CBHE_FR1S,-23.471972,151.9777105,35.81112886737538,35.781867825609304,35.81066638393633,35.780985769594196,35.81067012082133,35.781005313024615,25.667051645748277,25.465184991948895,25.670128547521887,25.464305314778663,25.67053531173911,25.46426167824848,-0.093304947,-0.106700115,0.013155178875952552,0.023805733,0.008928082,0.020587045391467117,0.009015521,0.023066493,0.036406833,0.049609159,0.040062132,0.049175747,0.043057883127058036,0.050148157,-0.700315817,-1.342272107,-2.442620305,-2.652012933
CBHE_FR2D,-23.4708255,151.9510635,35.806968682533515,35.77781412,35.80657529427527,35.77626250397145,35.806577431944014,35.77628056339782,25.69479898049922,25.486988200736985,25.692676984636595,25.48164051305473,25.693094275695294,25.482449485347047,-0.089007463,-0.104425773,0.004820538,0.007164694,0.008408715,0.004314224,0.008046128,0.013053334804316826,0.021984757,0.015169474374240637,0.022604283241274805,0.009234662,0.025454519,0.017201534275309068,-0.716125085,-1.360344763,-2.445980564,-2.685882341
CBHE_FR2S,-23.470371,151.950669,35.80690456608963,35.777681963477384,35.80650181157612,35.77612567385274,35.80650409667027,35.77614821550524,25.69462739560632,25.486790414449608,25.692413418632313,25.48043480756061,25.692834323022517,25.480640579157473,-0.088980129,-0.104491227,0.00471612,0.00671645,0.008560215,0.004973477,0.008200675,0.013653673615216704,0.021559905959562253,0.014753356,0.022317327256198685,0.008757564,0.025188676,0.01590867,-0.716134459,-1.360379098,-2.44601907,-2.686300545
CBHE_LA1S,-23.454021,151.968494,no data,no data,35.80691601220438,35.77451541924149,35.806928090518696,35.774515221129995,no data,no data,25.67739719301721,25.44507344093447,25.678417675142754,25.445077926042764,-0.097265897,-0.109944315,no data,no data,0.006541605,0.011976003,0.006879038,0.014382519273430462,no data,no data,0.029041683,0.029495739636067938,0.031999378061150316,0.028344538207137948,-0.698844198,-1.338874073,-2.445095689,-2.659386693
KENK_FL1S,-23.085374,150.899147,no data,no data,35.68162083984995,35.67020683973267,35.681243440277264,35.66350459098078,no data,no data,26.570700694392634,26.319886838933414,26.542968920624112,26.32098512154993,-0.08267563,-0.081145932,no data,no data,-0.007286742,-0.004339148,-0.003246173,-0.001112424,no data,no data,0.010233250115937566,-0.008287555,0.012392218710609177,2.6105842983124405E-4,-1.455174766,-1.504123709,-2.54401987,-2.722126061
OCCH_BA1S,-18.6532055,147.708533,35.37762856072066,35.38065052401127,35.36203488290948,35.36057381871387,35.36214793249884,35.360671138181964,27.125939545677493,26.96193732087783,27.410370158760422,27.171879794206642,27.37905864583797,27.169602422244516,0.027976044345656866,-0.008658874,9.93491276556548E-4,0.012004961510122302,-0.069685155,-0.053175667,-0.055866722,-0.039907904,0.064984736,0.068049411,0.056940844,0.052320973,0.073774155,0.078130426,-1.08496125,-0.841911364,-2.776229165,-2.925315067
OCCH_BA2S,-18.660365,147.702675,35.37941017224235,35.38311555837893,35.36604956,35.36508104345758,35.36611013460539,35.36424327,27.132736003103403,26.958832545256758,27.411432690480925,27.170438652675774,27.380256266876575,27.168348099015404,0.028221359375149517,-0.007473049,0.001333969,0.013274043860397901,-0.065581516,-0.051967126,-0.051681554,-0.035767294,0.06488839,0.069171672,0.056442346,0.053547093,0.073315908,0.077904679,-1.091865871,-0.856555195,-2.771628461,-2.905633738
OCCH_FL1S,-18.652217,147.7184615,35.38011837812717,35.37967364045264,35.36017132607964,35.35832671045887,35.360334727209796,35.35921113063013,27.09629550701632,26.916070939816592,27.410040647621432,27.169649686970025,27.37917226856712,27.168528478877814,0.026781838,-0.008843807,-0.001169715,0.010526311557102394,-0.074697401,-0.057730202,-0.060847711,-0.044451739,0.066234536,0.070550839,0.053522316,0.052366390791641425,0.070527604,0.075482734,-1.078433778,-0.845641377,-2.779194193,-2.922063708
OCDA_BA1D,-18.82579,147.62735,35.43590451597293,35.42923504,35.44390813639265,35.445444895572805,35.44353230024458,35.44193466011576,27.216890117435128,27.02917410718286,27.448397652435858,27.15257091120083,27.426552568545375,27.152349614973225,0.026826248798098536,-0.005844736,-0.035329305,-0.02842885,-0.084847439,-0.07896774,-0.072027928,-0.063009289,0.060521794,0.061324906,0.052924124,0.045281798,0.06735185,0.062304413,-1.25528155,-1.00776699,-2.676552489,-2.708251023
OCDA_BA1S,-18.8259,147.62727,35.43592654433944,35.429217589809674,35.44392083293775,35.44544355194014,35.44354471415769,35.44193744793771,27.217065343186224,27.029230375245675,27.448437771970784,27.152622028867537,27.426598013992123,27.15236758880915,0.026818405,-0.00582024,-0.03538397,-0.028385389,-0.084887662,-0.078966633,-0.072069216,-0.063087062,0.060557312,0.061400375,0.052939941,0.045291914,0.067369916,0.062319935722241995,-1.255324613,-1.007849547,-2.67653669,-2.708231245
OCDA_BA2D,-18.81433,147.6372,35.434265658187286,35.42697776325467,35.44085997310348,35.441431474656596,35.44053182359254,35.44012918535371,27.18340831417466,26.989190553365795,27.436040527162938,27.13442321789596,27.413709853515453,27.136564752271575,0.026951712911245658,-0.004571309,-0.016978616,-0.008080693,-0.071395034,-0.065095245,-0.058478408,-0.050623893,0.048028437623758566,0.048329912769825074,0.041397643,0.036688974092287586,0.055797938891563266,0.053141386,-1.236495802,-0.977540071,-2.683125056,-2.71217081
OCDA_BA2S,-18.81448,147.6372,35.434279104716715,35.42699317697416,35.440886270784844,35.44143992067754,35.44055752480179,35.440131542083115,27.18316863209688,26.98804467310588,27.436084482518954,27.134517044197032,27.413751810561983,27.136629870062364,0.026933860436475686,-0.004543425,-0.017060323,-0.008208877,-0.071454758,-0.065091865,-0.058536132,-0.051242871,0.048040102,0.048350791,0.041350168,0.036549178,0.055758317226598304,0.053035112,-1.236580649,-0.977700593,-2.683095092,-2.712098073
OCDA_FL1D,-18.80592,147.6688,35.43903432362482,35.430132918762126,35.440126248067195,35.44457636946103,35.43981447694525,35.443471744550756,27.210649907389364,27.00060050297352,27.426494241908173,27.12415227787157,27.40428542420756,27.122575873462015,0.025844392745541404,-0.006897255,-0.007066189,0,-0.0631075,-0.05933856,-0.050360163,-0.041848876,0.049407518,0.052037165,0.036690622283624026,0.043562331,0.050674851464589915,0.061071592,-1.206065659,-0.937814934,-2.69357984,-2.714614452
OCDA_FL1S,-18.80575,147.6686,35.43897874396513,35.43007797161162,35.440054138787225,35.44454082,35.43974237799578,35.44341273515445,27.210408654392864,27.001862194202968,27.426453130198347,27.124076995970515,27.40422077640274,27.122381684910152,0.025855926,-0.006836598,-0.007251692,0,-0.06328036,-0.059697341,-0.050528844,-0.042031721,0.049487346790455154,0.051820779,0.036862627,0.043449359411134474,0.050865041,0.061183988640735966,-1.206012117,-0.93741381,-2.693649389,-2.7148138
OCDA_FR1D,-18.81966,147.66394,35.442182270183345,35.43261299505247,35.445117946062844,35.44883142369576,35.44475331936283,35.447073757550655,27.212594112441092,27.00650160842054,27.435122409815904,27.13264712591838,27.414176316198244,27.132673530216074,0.025133201004891054,-0.007142114,0.001770405,0.008198587,-0.050449822,-0.044864715,-0.038265172,-0.026690577,0.035961199,0.046960936,0.018868548814346364,0.026610271595315788,0.03348844,0.046348967268706964,-1.223221336,-0.956678573,-2.686503722,-2.700062506
OCDA_FR1S,-18.8192,147.66391,35.44210448618608,35.43256472884758,35.44503777258795,35.44876291680889,35.44467444062306,35.44697843903469,27.21130200230448,27.00405275264593,27.43499293913326,27.132451687802686,27.41400730711241,27.132477716785818,0.025123733761778774,-0.007185655,0.001614315,0.008170185,-0.050695057,-0.045091346,-0.03849782,-0.026012971,0.03617628,0.047568906358661976,0.019104797599814982,0.026191731607247037,0.033733500727141603,0.04669981,-1.223046201,-0.956491193,-2.686572224,-2.699825838
OCDA_FR2D,-18.83191,147.65257,35.44377850775192,35.43412757656144,35.44830578080513,35.45012049,35.44785525579365,35.44895205525372,27.24202673981422,27.035604346167844,27.444604499024752,27.147215802983578,27.425341204626125,27.14725515646968,0.024837711,-0.008446812,-0.008616332,-7.67E-04,-0.058029654,-0.051441299,-0.046286086,-0.037417364,0.039067314,0.045183058,0.021483433,0.027087243,0.035780738895483256,0.046085745,-1.242544031,-0.982695995,-2.679843926,-2.705545613
OCDA_FR2S,-18.83187,147.6525,35.44376083852127,35.43405970384135,35.44829546297691,35.45010202582728,35.44784490579876,35.44895339,27.241802221778403,27.035186466652526,27.444590123870796,27.147217397963075,27.425323891522805,27.14726138323666,0.024836825950734515,-0.008446929,-0.008654433,-7.72E-04,-0.058075029,-0.05150745,-0.046329068,-0.037646368,0.039098734962146664,0.045102801,0.021513364758877055,0.027116967,0.035813776,0.046018378,-1.24255397,-0.982639386,-2.679842302,-2.705507193
OCDA_LA1S,-18.833,147.63338,35.438653735608206,35.43034385307056,35.446608447809815,35.44876500622051,35.44614417877268,35.44505983157862,27.202390409463145,27.008775126602508,27.44933321317392,27.15651302528182,27.428480076951242,27.15654021925126,0.025232513,-0.007654507,-0.032828733,-0.029141121,-0.081662487,-0.079806092,-0.069082254,-0.067943364,0.055404147,0.055301888,0.041955437374272674,0.038244072476945855,0.057010651,0.056951037141122436,-1.255726306,-1.016363348,-2.675936245,-2.700259899
OCDA_LA2S,-18.83125,147.63316,35.43776823967452,35.42991386724816,35.44620123,35.44810609624009,35.44574391648994,35.44505633464997,27.190982535842565,26.99564830697882,27.447962734438857,27.154827171960783,27.426907128453614,27.154963538387605,0.025026151760179794,-0.007529364,-0.033065617,-0.030702018,-0.082410839,-0.07954951,-0.069696951,-0.067465082,0.053634864403413376,0.054890891,0.040395171905722636,0.036563616302917275,0.055557764,0.055501385,-1.254767009,-1.014186522,-2.676306818,-2.701067103
OCLB_BA1S,-18.9493475,147.6929265,35.47615204214966,35.464045750622866,35.49066568525598,35.48755405924186,35.49045782,35.484569105854206,27.24910986237713,27.123025227178214,27.519976021882794,27.33019736190761,27.50125068229525,27.330988087965952,0.021917337,-0.013308592,-0.075505682,-0.066176918,-0.11682349,-0.114432831,-0.104733042,-0.10040382,0.10955940981463387,0.11058167797078419,0.10921860937791061,0.10950349350438847,0.12217889498730193,0.12365574655908915,-1.314120597,-1.163282022,-2.655383269,-2.63653884
OCLB_FL1S,-18.944062,147.699285,35.47496837484297,35.46648066060886,35.48892362843676,35.48536155871518,35.48878473392692,35.48338933166966,27.252882837863947,27.11868114073052,27.508594269291613,27.320598536447054,27.491002119758146,27.321153043911256,0.021556628,-0.01287212,-0.076679611,-0.071816633,-0.117471628,-0.116235801,-0.105322144,-0.101990285,0.11657780129306572,0.12090398671378029,0.11736541243910194,0.11984853672081677,0.13016305045669146,0.1354752537081197,-1.303341001,-1.152952945,-2.658568389,-2.645477331
OCLB_LA1S,-18.949382,147.701909,35.474407936601004,35.46659900694696,35.489971285257454,35.48603063591534,35.48981923856957,35.48404886292977,27.22842747063842,27.08665028378468,27.507242151073942,27.320209898904007,27.48948142,27.323628449989695,0.020439448,-0.012911766,-0.078854415,-0.07053725,-0.120243384,-0.114683631,-0.108134645,-0.103418477,0.1119624964367786,0.11451114538775652,0.11012882847019353,0.11069347388820355,0.12306987560625826,0.13036452459344078,-1.306660672,-1.159030982,-2.658361468,-2.656140837
PAOR_FL1D,-18.5715,146.4954,35.60969067541045,35.540972529356075,35.62350913189622,35.543316266417484,35.62182686307508,35.542198580305445,27.586360759850816,27.177658890200497,27.87014306457761,27.26583966298778,27.84099111039087,27.249449134192716,0.014841205,-0.033700574,-0.002873974,-0.002076049,-0.029747516,-0.022056379,-0.016328829,-0.013752059,-0.011677648,-0.006647374,-0.02342489,-0.018363277,-0.013308029,-0.006244933,-2.39722983,-2.356147929,-2.367822301,-2.481340031
PAOR_FL1S,-18.5720395,146.495178,35.610059575437646,35.541101294965706,35.62385995259144,35.544000818270874,35.622205476359866,35.54235358810797,27.589938610269215,27.17856106730371,27.873889213254504,27.26569438088901,27.845292011907297,27.251871715150394,0.014758448557747104,-0.033615688,-0.001969945,-0.002252212,-0.028693665,-0.020478239,-0.015602355,-0.012397259,-0.012068715,-0.006868533,-0.023191933,-0.017408844,-0.013359361,-0.006373228,-2.397776627,-2.355830099,-2.367735796,-2.481290768
PAPE_BA1D,-18.5505,146.4882,35.61639942011896,35.55016336918302,35.628171520990314,35.57093905626072,35.627683135685174,35.57089248794623,27.77544133,27.466769792498287,27.990244851359357,27.679576097916456,27.982093965177523,27.679601509832683,0.011738131366469236,-0.039829957,-0.006935594,-0.012403141,-0.041544855,-0.047803188,-0.032012113,-0.0399384,-0.009576176,-9.41E-04,-0.020394452,-0.006291466,-0.011941056,-0.001384099,-2.383152134,-2.353819503,-2.348518312,-2.462054129
PAPE_BA1S,-18.5508,146.4884,35.616415105048745,35.550098617445265,35.62819986534588,35.57089120117254,35.627707769281265,35.57091500919687,27.775352641005053,27.466440651310418,27.990256142432788,27.679690148023848,27.982059662088016,27.679714379999655,0.011739635206213187,-0.039831321,-0.006798634,-0.012783334,-0.041213702,-0.047774222,-0.031752953,-0.040159583,-0.009449793,-7.35E-04,-0.020072892,-0.005937092,-0.011693388,-0.001583721,-2.383207403,-2.353795301,-2.348596575,-2.462156302
PAPE_BA2D,-18.5408,146.4885,35.61192195976044,35.54800140119202,35.623981787019034,35.57116247484247,35.62365579765678,35.57110068407407,27.76877230368496,27.386147104389337,27.986030719116567,27.671484828292964,27.980061019039244,27.67022928,0.013025767,-0.038555121,-0.005564484,-0.015280857,-0.05558504,-0.057074701,-0.043063055,-0.047804147,-0.016931021,4.98504451193085E-4,-0.025628426,0.002965358,-0.014844149,0.007498428,-2.366748901,-2.345053023,-2.34743941,-2.46350959
PAPE_BA2S,-18.541,146.4886,35.611904921359496,35.54794340555418,35.62398240370917,35.57117779,35.623655362516814,35.57111608159624,27.768539588754262,27.385533490725624,27.98603654079568,27.671093529260506,27.980062784014482,27.670294535837428,0.013030364282202766,-0.038564274,-0.005541835,-0.014968397,-0.05546544,-0.056651023,-0.042976333,-0.047613722,-0.016878283,4.53880283057071E-4,-0.025493623,0.002886882,-0.014751522,0.00767769,-2.366778311,-2.344963352,-2.347482055,-2.463541161
PAPE_FR1D,-18.5394,146.4995,35.60667014684295,35.54135904415443,35.619784317909925,35.56792486406861,35.61943548572518,35.568094477559384,27.746439123158996,27.385337651805642,27.978080606905955,27.659982231707197,27.972172275901723,27.658764303814028,0.014914043859529996,-0.032553638,-6.88E-04,0.00252354,-0.053687107,-0.040472673,-0.043070196,-0.03171681,-0.006118421,0.004710643,0.00352048,0.008979318,0.01057315,0.020954344855129762,-2.350938915,-2.31728083,-2.36091114,-2.476325298
PAPE_FR1S,-18.6026485,146.500263,35.62935520688988,35.567611589280666,35.637173787253836,35.55177722493609,35.63662827952601,35.552193904745096,27.69363013776848,27.187504965242837,27.892054709751406,27.20881611,27.88002859714627,27.199222283892453,0.016929807162276014,-0.030334159,2.703125059764163E-4,-8.06E-04,-0.023832247,-0.01945026,-0.015782803,-0.013339658,9.184758614178683E-4,4.95624453490524E-4,0.003972589,8.218974789760684E-4,0.006682846,0.005476162,-2.414998985,-2.346673571,-2.380738134,-2.493930108
TSAU_BA1S,-9.867615,143.389355,35.26013839357323,35.264730524298734,35.260254329711685,35.26423138438475,35.26061663777772,35.264390064676675,27.52232040680393,27.407982204452953,27.546281528788363,27.41249234254504,27.531507800219114,27.407061843997646,0.087012456,0.065435428,0.010459434,-0.00208567,0.023808966105170408,0.002311908,0.015709174054140553,-0.005406358,0.003172307,0,1.8962906234354452E-4,0.024812896452822086,0.012048032309225925,0.022229642,1.832508883775356,1.8812230619266521,-2.210936465,-2.990899499
TSAU_BA2S,-9.8757,143.388545,35.262430020238526,35.26736800158879,35.26266512092449,35.26649535329583,35.26289852977237,35.26657331934433,27.50449470735171,27.382392035113874,27.528255061469554,27.389479243191182,27.514438847589776,27.386958645911015,0.087055045,0.066140718,0.011620735,-0.002995676,0.026964058,0.004275223,0.017921104,-0.004559091,0.004289204,0,0.002862334,0.028738017,0.013701477192870109,0.024968595251430387,1.8275623341310756,1.877101093531039,-2.21599469,-3.000833422
TSAU_FL1S,-9.882025,143.39442,35.26360701923485,35.26847552120243,35.263596467912265,35.26700672553993,35.26386943444674,35.26731923350979,27.493063604483005,27.364065637223206,27.52225715954682,27.37336620366075,27.506570570666455,27.371807307130428,0.087240978,0.06521958,0.012741195636518711,-9.85E-04,0.028806308044852527,0.007717118,0.019252470880360247,-0.002317424,0.008341795,0.001577877,0.003181101,0.032371359,0.014961731007507723,0.026201028,1.8256347585562755,1.8765483653720672,-2.217114823,-3.003386292
TSAU_FR1S,-9.87996,143.41004,35.26208187235676,35.266733380156445,35.261607273803804,35.26470437902062,35.26183135552935,35.26514906648396,27.497738054295922,27.374931290118546,27.52247885516239,27.379437772944616,27.512183463658193,27.377928784110065,0.087595768,0.065058909,0.016269274722958152,0.00349131,0.025711029386291405,0.009850225,0.020466766538770977,0.005868805,0.010372545626174698,0.003705253,0.008068417,0.029805871,0.013170397737063334,0.024864489,1.833043470685857,1.8829358966326921,-2.207059524,-2.970286651
TSAU_FR2D,-9.88359,143.40722,35.26279293950216,35.26763798690237,35.26204342916613,35.264775352775416,35.26236068076791,35.26538631633901,27.49178682548363,27.36644522779893,27.52457630014663,27.37528082,27.51094472550364,27.37123420124264,0.087716155,0.063061241,0.016000413,0.002218884,0.027070954985814865,0.011030706790729492,0.020704735516338786,0.004133077,0.012360152198632651,0.005452449,0.006022642,0.032439683742166776,0.014248015,0.025459162,1.8313019065408176,1.8864309481597885,-2.208799395,-2.976445934
TSAU_FR2S,-9.88359,143.407125,35.26279537655706,35.26763788984076,35.26204788864136,35.26477464449038,35.262365309009255,35.265385598976145,27.49178749134241,27.366336299994533,27.52456465122436,27.375243182124766,27.510923364551438,27.371300917931947,0.087712791,0.06301975,0.015994939609309006,0.002267408,0.027075156880811923,0.011044001842621002,0.020699993012803685,0.004036439,0.012356643575676606,0.005451896,0.006030018,0.032525382543305226,0.014259517158069508,0.025519771,1.8312879352737947,1.886438322230171,-2.208815206,-2.976525212
TSDU_BA1S,-9.88136,142.92542,35.25743005243908,35.264945362562365,35.255924467008946,35.26536984610105,35.25669989300367,35.265320289990115,27.606376775164893,27.389511697800927,27.617518834894366,27.399745468620196,27.61132741236075,27.39791299652435,0.090241875,0.027555909254850047,-0.001951198,-0.005607507,-0.00215236,-0.010208468,-0.004730252,-0.012850944,-0.028648818,-0.037102019,-0.018156201,-0.021491241,-0.016177877,-0.018424429,1.6584435416793408,1.7890217998026596,-2.469994519,-3.59768315
TSDU_BA2S,-9.878565,142.932925,35.260809958615816,35.26813096214509,35.25864237766742,35.267480322857445,35.25944343985992,35.267445474296565,27.591779098575465,27.363559072668224,27.606169986711247,27.382705414121162,27.598940023098123,27.375899820904486,0.088525506,0.035175471,-0.010234636,-0.010987779,-0.011073335,-0.020467645,-0.01306603,-0.022769586,-0.025061181,-0.04400719,-0.020445584,-0.026804826,-0.01850643,-0.02836831,1.6622684607940432,1.7938940559754082,-2.466693788,-3.58318681
TSDU_BA3S,-9.985315,142.90854,35.27262032422078,35.27649555441972,35.27209902221029,35.27636744589186,35.27238387817582,35.27640122765464,27.60384660366544,27.403960342748167,27.609619983703535,27.405824264617753,27.606275137130066,27.405830464382227,0.084729109,0.037614256005247114,-0.033819237,-0.027536404,-0.045153192,-0.038523139,-0.045969703,-0.039729028,-0.008795899,0.006131081,-0.009822497,0,-0.006961401,0.005692747,1.6327611569873477,1.8049918932750275,-2.488234157,-3.6138809
TSDU_FR1S,-9.9312,143.00543,35.29126672408304,35.29084844,35.29081593287268,35.29075086761123,35.29091323812243,35.290792897289215,27.436074284723745,27.20693976806335,27.447408725760425,27.206402292807756,27.446042249604538,27.20644541913753,0.09005091,0.046570262,0.037738013,0.047717262,0.036933713,0.055438369,0.034952107788823135,0.052020528,-0.019469496,-0.013899667,-0.029339577,-0.032291304,-0.028963913,-0.032585462,1.6746184958577295,1.8177164981304066,-2.449470022,-3.523607248
TSDU_FR2S,-10.03707,142.926535,35.28437895684737,35.28480839,35.28373743193373,35.284876357952335,35.284110586010755,35.284786949364836,27.55808844866935,27.363890861852408,27.56832198301766,27.36639422796951,27.56201689027277,27.367232139020324,0.094794982,0.031885301770702285,-0.027481499,-0.034166404,-0.026391966,-0.033555698,-0.030851257,-0.039014332,-0.001685241,-0.013307994,-0.009250659,-0.016573868,4.0552158203375235E-4,-0.008644753,1.625102042580132,1.8131186406640232,-2.493159027,-3.601306705
TSDU_LA1S,-9.934095,142.922705,35.269955413114054,35.27549855910488,35.26926154395108,35.27513521599241,35.26996224463605,35.27539194312587,27.58860795868409,27.34424714082292,27.596379684679555,27.345933838247444,27.588129302844052,27.344268377170213,0.096016632,0.041375181,-0.01840606,-0.02556944,-0.034307224,-0.047584452,-0.038252571,-0.05139102,0.003204811,0.005895611,0.004158087,0.017002181,0.01208641,0.027371317,1.646916865767808,1.7927993371406268,-2.477128876,-3.588642555
TSMA_BA1D,-9.748695,143.399805,35.21738905178525,35.21944396806365,35.21956250527955,35.22372449668121,35.21937929,35.22372951,27.71044968425765,27.560863362044657,27.72532811472933,27.560225214399154,27.71550030913064,27.56022885591476,0.087093099,0.083331834,0.00403789,-0.013319128,0.013926658348185204,-0.012035656,0.008768984,-0.012973483,0.005696447,0.001960621,0.015734653492239264,0.036606593,0.016586253253007225,0.023260897,1.9076984030515292,1.922265446405101,-2.152844745,-2.861756915
TSMA_BA1S,-9.748895,143.399825,35.217404564648874,35.21946602819077,35.21957361609762,35.22377247521909,35.21939068278745,35.22377748739012,27.710427870636344,27.560900214296332,27.72533275,27.56021745227855,27.715495996960243,27.56021525988109,0.087090405,0.08332635,0.004005497,-0.013303168,0.013900973585014015,-0.01246376,0.008739569,-0.013436284,0.005692635,0.002074383,0.015694963872665297,0.036489834,0.016583151954110482,0.023630799478377096,1.9076478386667257,1.9221981247070994,-2.152857419,-2.861809963
TSMA_BA2D,-9.74409,143.41574,35.21296818605666,35.21179668102922,35.21463631923941,35.214849474011736,35.21423353022872,35.2137428,27.71259485127596,27.55639594140418,27.724627306058093,27.556076743587504,27.715849976846446,27.55607120744741,0.085739709,0.081505307,0.008967348,-0.013145653,0.015058987553062914,-0.012974834,0.011537522600539512,-0.014196522,0.001769543,-5.84E-04,0.009747515,0.028863033970257874,0.008574966,0.016578951,1.9186347052165706,1.9343142622125666,-2.143151858,-2.854318787
TSMA_BA2S,-9.7442395,143.415763,35.213404373298914,35.21214893913883,35.21495737433893,35.21545020240058,35.21455561652057,35.21403999093799,27.712498654293775,27.556328658395866,27.72483032333674,27.55598786309346,27.715852964995495,27.555984247229386,0.085654638,0.080768914,0.00857238,-0.013787704,0.015053833047747565,-0.013131399,0.011333203914915078,-0.014423981,0.002063144,0,0.009625776,0.029775766,0.008836362,0.018420148550130737,1.9174221774292244,1.935028785205488,-2.143453457,-2.854979553
TSMA_FL1S,-9.759895,143.39796,35.22081398782444,35.22402831,35.22276398307595,35.22839359982232,35.222712814569675,35.22848525,27.705660353267568,27.563765595777735,27.72592217775755,27.563702253376675,27.71355389306516,27.56356409018887,0.087602432,0.078769175,-4.78E-04,-0.011988563,0.013131328379455836,-0.016890362,0.006107062,-0.018004399,0.006442071,6.805822231568588E-4,0.012440276,0.036509187511025644,0.018044071397264733,0.029934219760775323,1.898537160612745,1.9155586653389565,-2.157658833,-2.866475308
TSMA_FR1D,-9.763955,143.417,35.21898830942731,35.22097038880802,35.22021284682302,35.22380191893246,35.22007179,35.22331680402894,27.70656808258621,27.561299513176323,27.72527347,27.560807884373162,27.712478709372178,27.56035965442609,0.086344305,0.07407371,0.003605518,-0.010785602,0.014820079473470983,-0.007999404,0.008034233,-0.013349793,0.008415997,0.001199389,0.010199919545971832,0.033833691,0.016780982862135415,0.020985205883277618,1.9029223263082835,1.9150229804603949,-2.149650271,-2.842537431
TSMA_FR1S,-9.76224,143.421395,35.21816319419221,35.22039143480479,35.21914440972721,35.222156120545606,35.21902331019346,35.221546578901894,27.706780779106833,27.55836771995477,27.72476885768035,27.558088014493734,27.712317139549096,27.55837065977515,0.08648724,0.068544131,0.007727885,-0.007637223,0.018176567393759325,-0.002169645,0.011503492486222195,-0.008479824,0.008899387,0.005415874,0.009758929,0.028823589,0.016035408413251896,0.019706527104771564,1.9069130057935426,1.9184173008677392,-2.145717841,-2.840717894
TSMA_FR2D,-9.74637,143.46012,35.21484056854006,35.21535109407321,35.21523414229772,35.217109699824945,35.215193715519305,35.21726197,27.69739887034619,27.552742286138262,27.711577779073895,27.553429737023286,27.702861101732868,27.55329334839883,0.086345949,0.063634825,0.023548579,0.005283222,0.031849723994593904,0.012158170000803718,0.027683846,0.011247102799630069,0.001405956,-0.002005394,0.002385454,0.008976446,0.003344317,0.005351056,1.9360031421251782,1.9628342172161486,-2.12167434,-2.818307469
TSMA_FR2S,-9.74838,143.458505,35.21539273,35.21613052463639,35.21566030890413,35.217802002165584,35.215671140933004,35.217966951863836,27.697462776919632,27.55292595432136,27.71300778370795,27.553446323038006,27.703355214331935,27.55354239409597,0.086410706,0.063119979,0.022851330079584987,0.007040256,0.031728437029280285,0.010564565873784045,0.027092583952307035,0.009764077,0.004857967,-0.002975368,0.004483872,0.014358419,0.006577454,0.00624919,1.9335444973912055,1.958424535390118,-2.123069564,-2.815739525
TSMA_LA1S,-9.73404,143.43519,35.211129498975836,35.21101083054146,35.21237915,35.21208000862714,35.21182587507412,35.21139280967678,27.70821614899646,27.553451053686917,27.72280116504804,27.553456752519985,27.711735978147903,27.55344353088889,0.08347738,0.063370187,0.014809048283361265,-0.007215943,0.022104988,-0.007173891,0.018361620515864794,-0.007009602,-0.008453678,-0.011730657,-0.001507409,0.007847393,-0.00200531,-2.48E-07,1.933281010012725,1.9585549580877324,-2.13074853,-2.822763501
ONMO_BA1S,-16.8472105,146.217424,35.335072348229396,35.33175519629751,35.32722888374133,35.32097546047833,35.327488577076764,35.32052527013172,27.396962654347963,27.22395767715551,27.509039434631994,27.27473406964251,27.47885013834368,27.277490424684377,0.04361161,0.014277672278655423,-0.030786487,-0.029613899,-0.076313566,-0.082929511,-0.069564675,-0.072382253,0.017390325282878445,0.024836592,-0.002338007,-0.008104232,0.016868873,0.020333114138933083,-0.04270437,0.064023185,-2.515992939,-3.075477084
ONMO_FL1S,-16.8485425,146.237223,35.322975775293784,35.31146665073072,35.317012000015836,35.312288406880796,35.31738829192772,35.31230714,27.327556851248325,27.14569497873963,27.481672827776325,27.240370578461704,27.450228962307847,27.242173576646316,0.043923642,0.013455611,-0.037397185,-0.039096442,-0.084137512,-0.082382879,-0.076119802,-0.071166604,0.040696365,0.050348883,0.026206510226550035,0.017611165052839124,0.044754988,0.040614555516994826,-0.058125817,0.024599596497264842,-2.534252735,-3.078129352
ONMO_FR1D,-16.872083,146.2536695,35.32677664746121,35.312667842664915,35.32311091762333,35.324753019051904,35.32368841261777,35.32453467095658,27.326685302442577,27.14082727164221,27.490544921420796,27.245867054088986,27.459307052466112,27.249470155728122,0.04178665,0.011049208284184776,-0.025379986,-0.026680294,-0.072239512,-0.076291376,-0.063619275,-0.064475066,0.023698957012917726,0.032211974,0.013199738872168425,0.006396439,0.031063325,0.033315377,-0.093987982,-0.002242327,-2.526530888,-3.077572799
ONMO_FR1S,-16.872041,146.2536145,35.32677989142287,35.31266888969315,35.323117703818085,35.32475742165836,35.32369509518191,35.32456413705076,27.32666431331871,27.140813874573503,27.490553237772495,27.24580739601679,27.459314997296417,27.24948575027126,0.041786096346455685,0.011046909961369417,-0.02536953,-0.026705004,-0.072223635,-0.076252654,-0.063602435,-0.064414104,0.023691937140303362,0.032210682296202664,0.013207415378636992,0.006484548,0.031068398077098342,0.033379003,-0.093969432,-0.002257156,-2.526524692,-3.077563971
ONMO_FR2D,-16.8830355,146.244797,35.33893924315993,35.33703002598115,35.33139816303048,35.33502444432708,35.33180292501484,35.33604879632466,27.35106450870848,27.17216430273787,27.507927686949515,27.26890756595164,27.47792269439367,27.271637319912916,0.041115873140192105,0.010773529310571855,-0.001514544,-8.52E-04,-0.053365034,-0.061130923,-0.04584736,-0.048975806,0.013013028281853212,0.016633867,-0.002955919,-0.001849163,0.016158109,0.023325298018788472,-0.101560305,0.003145848,-2.51056196,-3.061612899
ONMO_FR2S,-16.882674,146.244602,35.33891849459339,35.337165282575675,35.33137461334421,35.33486075666172,35.331779810061256,35.33603815,27.35045434902899,27.171633715600084,27.507818355574205,27.268713326108315,27.477814199986213,27.271668637084883,0.041103642301890606,0.010763667523384689,-0.001456404,-8.23E-04,-0.053372461,-0.060964777,-0.04586604,-0.049193089,0.012975994546000383,0.016492747,-0.002896924,-0.002258562,0.016217144,0.023668721954413247,-0.101292064,0.003155412,-2.51063184,-3.061643602
ONMO_FL1D,-16.8484505,146.2372885,35.322922060507196,35.311376632332596,35.31696786860167,35.312252971525844,35.31734438949956,35.31228261387774,27.32772945930333,27.145750070042023,27.48158194603675,27.24024949361329,27.450143721367894,27.242138904320715,0.043923139,0.013455923324638868,-0.03751274,-0.039198208,-0.084221293,-0.082609702,-0.076208436,-0.071442061,0.040778226652053357,0.050183177,0.026263654907538382,0.017494519,0.044815495,0.04062941,-0.058082592,0.024680119,-2.534310592,-3.078190416
ONMO_LA1S,-16.859841,146.2256785,35.33836251908538,35.339125446250506,35.33071827329254,35.32634969247495,35.330892866202504,35.323775838439424,27.369784102370183,27.181074187208385,27.512194821097204,27.279252152968947,27.480589184104193,27.27993328307517,0.043568694263718684,0.01373434,-0.016012508,-0.016470292,-0.065813911,-0.075450096,-0.058947719,-0.06300855,0.010819836837606001,0.015074314108337079,-0.001303802,-0.005007394,0.018400169,0.024902788247617373,-0.062160151,0.025488275813023712,-2.51191156,-3.065413822
ONMO_LA1D,-16.8599245,146.2257455,35.338356691873905,35.33910083177336,35.33071722227117,35.326362817535056,35.33089207273173,35.323816598348834,27.369654823902742,27.18121289271145,27.512155786016276,27.279062044508766,27.480542367502895,27.27983352120092,0.04357002,0.013738514275821862,-0.015944076,-0.016452069,-0.06578148,-0.075630663,-0.058912654,-0.062938062,0.010795421032521395,0.015052396807169542,-0.001268751,-0.005052859,0.018434713,0.024921087440783512,-0.062234443,0.025295858,-2.51192317,-3.065396497
ONMO_BA1D,-16.8471725,146.2174315,35.33505994,35.33173194744554,35.32721543681532,35.32097478161788,35.32747529881013,35.32051382102119,27.3969502,27.22390314963522,27.509009659514266,27.27471644183792,27.478821361601746,27.27743488342596,0.043612353188957675,0.014279229948455248,-0.030810726,-0.029669559,-0.076332131,-0.082876482,-0.069583346,-0.072431815,0.017402690209157533,0.024894202,-0.002331526,-0.008133949,0.016874499264422582,0.020319025044095163,-0.04267824,0.063995479,-2.516013483,-3.075508518
ONMO_BA2D,-16.881947,146.18377950000001,35.36592468,35.36870716509288,35.36765155173941,35.361386516974115,35.36800867665884,35.361302786879165,27.445930792687058,27.296474336654622,27.59996033884307,27.400293936180816,27.571713877750202,27.40646962708316,0.042393578,0.010201560821460972,-0.065079649,-0.067389818,-0.112403641,-0.115724569,-0.105170986,-0.107267546,0.028381699042880088,0.032086695524312245,0.004535207,-0.001917141,0.023514108309254145,0.018939664665938712,-0.064303362,0.052776242,-2.449408095,-3.017418598
ONMO_BA2S,-16.8820015,146.183993,35.36587499174454,35.36871262816581,35.36759947489985,35.361296216611905,35.36795509908087,35.361245869162026,27.44573925183684,27.296300723290944,27.59983535946649,27.400012334719303,27.57157973871633,27.40647744263564,0.042396762713965766,0.010221238,-0.064994038,-0.067206155,-0.112309238,-0.115685121,-0.105076728,-0.107064178,0.028328534743366062,0.032110379,0.004486967,-0.001792679,0.023467663,0.018873039944045204,-0.064345806,0.052624821,-2.449491904,-3.017524091
ONLI_FR1S,-14.6912735,145.4693795,35.23332950197275,35.23107276038581,35.22860216033524,35.227923121523126,35.22911490753218,35.229086567569674,27.226276535807173,27.044648009725993,27.305495053588388,27.122677594380477,27.274362586449232,27.11536459085575,0.071168898,0.03925112,-0.010357097,-0.013140139,-0.0303878,-0.03767444,-0.023462318,-0.0269922,-0.00535537,-0.010221245,-0.049245048,-0.05089387,-0.01980698,-0.015326219,1.1889283672364173,1.605157000745823,-3.63026087,-4.400832842
ONLI_FL1S,-14.6980975,145.445447,35.237886890508236,35.23341558571094,35.237652321817215,35.234626777988815,35.237018030548185,35.233359848736654,27.244595167150493,27.173024580726516,27.31562531749439,27.160584366740753,27.282474045091018,27.16558642700456,0.072971926,0.041061827,-0.047077342,-0.05453919,-0.03500343,-0.036088355,-0.043484172,-0.054047785,0.028027025,0.031972169,-0.016766389,-0.032389653,0.017218448763603733,0.010539173,1.1871582960793483,1.6101889881437215,-3.635301152,-4.452371346
ONLI_FR2S,-14.649439,145.492935,35.21839983952818,35.22155588323845,35.21627130080165,35.21324858646106,35.21613996414242,35.21323296447835,27.211445588209763,27.109547707207945,27.249429359332872,27.08781922245975,27.23097560514633,27.09030050310375,0.074674335,0.044007862,-0.067563209,-0.081990221,-0.077997263,-0.09761094,-0.083205931,-0.106231702,0.035236074954672056,0.039547739,-0.012618398,-0.046167187,0.016201092004712307,-0.008594896,1.1904561208289488,1.616264685025257,-3.638135294,-4.428290287
ONLI_LA1S,-14.6877065,145.465276,35.23346669854729,35.231196274901386,35.23087495008893,35.23211544253876,35.231330972786644,35.232740755795525,27.225434913728975,27.04999942075122,27.31178608276552,27.135758209909724,27.275637006320316,27.140940320340853,0.071164585,0.039482173107465844,-0.009695717,-0.011656792,-0.022253767,-0.030041641,-0.021964273,-0.02941476,-0.005517903,-0.010493688,-0.038239984,-0.041186907,-0.009450496,-0.004268277,1.188726050276236,1.605910641693578,-3.631908373,-4.409631926
ONLI_BA1D,-14.65072495,145.4502155,35.224075623094116,35.22609515,35.222244848642006,35.21932673398422,35.22181038061224,35.21908845,27.239767064730174,27.144462335141665,27.291256251302002,27.125820167709538,27.25296146991728,27.127561289614956,0.077177112,0.044210691,-0.007367239,-0.004179063,-0.028797291,-0.0301027,-0.022277352,-0.021337887,0.020211958299623346,0.022861235,-0.039388497,-0.055349867,-0.007029513,-0.013058261,1.1886433632074065,1.6299066555405155,-3.651551207,-4.425933741
ONLI_BA1S,-14.650714,145.450096,35.22408499669722,35.226098713825024,35.22225272727731,35.21932904562385,35.221818704618705,35.21909624466769,27.239800649211286,27.144505009354823,27.291257307199626,27.125840015181502,27.252946816734635,27.127697496378136,0.077179381,0.044203479,-0.007393334,-0.004173455,-0.028856511,-0.030157448,-0.022319808,-0.021369083,0.020122547607672337,0.022698287,-0.039509673,-0.055380386,-0.007133,-0.013275863,1.1886403861358144,1.629905708052018,-3.651556681,-4.425949817
ONLI_BA2S,-14.667794,145.441894,35.230661832992276,35.23017567556533,35.22995476,35.230007631177166,35.228849681801016,35.22582947518853,27.237040135626195,27.163021429849486,27.297126375456468,27.16006904993114,27.257939507330732,27.158110710974547,0.075380778,0.040740633,-0.036642182,-0.041680427,-0.026564545,-0.030053686,-0.039631846,-0.047684661,0.016362634101095137,0.016570567505194044,-0.020230657,-0.033404761,0.005120778,-0.003070725,1.1874160148344985,1.6202000722427599,-3.647814245,-4.453352126