name,lat,lon
Ahya_10a,-21.95539883,152.2969731
Ahya_11a,-21.95540839,152.2969889
Ahya_15a,-21.95582304,152.2968107
Ahya_224,-18.55753513,146.5031803
Ahya_33a,-21.96296987,152.3072471
Ahya_31a,-21.96297674,152.3072568
Ahya_13a,-21.95577669,152.296778
Ahya_34a,-21.9558999,152.2968738
Ahya_35a,-21.95601197,152.2968814
Ahya_36a,-21.95617022,152.2967376
Ahya_37a,-21.95621942,152.2967232
Ahya_48a,-21.9546624,152.2972206
Ahya_50a,-21.95452242,152.2971737
Ahya_32a,-21.96297968,152.3072604
Ahya_49a,-21.95462669,152.2971707
Aspat_1727,-23.43966725,151.9795826
Ahya_70a,-21.47047782,152.5653211
Ahya_101a,-23.90718332,152.3868906
Ahya_79a,-23.90718978,152.3869184
Ahya_97a,-23.90720923,152.3869045
Ahya_98a,-23.90721786,152.3869001
Ahya_144a,-23.44464317,152.0246978
Ahya_192,-18.424069,146.9843132
Ahya_194,-18.4233821,146.9853064
Ahya_195,-18.42330264,146.985242
Ahya_196,-18.42325914,146.985202
Ahya_220,-18.4241125,146.9865726
Ahya_387,-16.84582846,146.2317312
Ahya_388,-16.8458288,146.231748
Ahya_397,-16.84593684,146.2318091
Ahya_414,-16.84608294,146.2323796
Ahya_421,-16.84601814,146.2321845
Aspat_602,-14.651076,145.638429
Aspat_644,-14.65106,145.638459
Aspat_761,-16.072879,145.84386
Aspat_764,-16.072899,145.843973
Aspat_943,-18.423708,146.985631
Aspat_1000,-18.670069,147.707557
Aspat_1502,-18.669934,147.707631
Aspat_1505,-18.669833,147.707649
Aspat_997,-18.670071,147.707474
Aspat_1556,-18.825883,147.626682
Aspat_1591,-18.825289,147.626655
Aken_1049,-16.93975758,145.9831522
Aken_1055,-16.93994475,145.9833414
Aken_1058,-16.94005019,145.9833428
Aken_1059,-16.94008674,145.9834756
Aken_1060,-16.94010752,145.9834869
Aken_1089,-16.88712954,146.1867041
Aken_1105,-16.88712358,146.1876127
Aken_1111,-16.03890013,145.6510103
Ahya_17_Tydeman,-13.971724,144.501924
Aken_1368,-14.74303979,145.5130851
Aken_1419,-14.74296184,145.5129314
Ahya_14_Kelso,-18.445958,146.9910534
Ahya_9_Kelso,-18.446201,146.9912373
Aken_29_Orpheus,-18.56333859,146.4864204
Ahya_1848_Pelorus ,-18.537601,146.4946002
Ahya_22a,-21.96292494,152.3072086
Ahya_102a,-23.90717134,152.3868998
Ahya_77a,-23.90719078,152.3869172
Ahya_99a,-23.90718517,152.386885
Ahya_7b,-14.42893015,145.4520797
Ahya_43b,-14.47510731,145.5023146
Ahya_97b,-14.65082838,145.6385369
Ahya_216,-18.4237597,146.9865089
Ahya_217,-18.42376666,146.9865154
Ahya_218,-18.42394461,146.9865131
Ahya_361,-16.94063701,145.9948087
Ahya_380,-16.84571799,146.2316679
Aspat_468,-14.47463,145.503245
Aspat_474,-14.475189,145.502344
Aspat_633,-14.650916,145.638216
Aspat_634,-14.650912,145.638227
Aspat_843,-16.940656,145.994752
Aspat_844,-16.940642,145.994744
Aspat_917,-18.557973,146.502883
Aspat_930,-18.558121,146.502765
Aspat_1531,-18.669939,147.705889
Aspat_1535,-18.670025,147.705901
Aspat_1620,-23.90769848,152.3866834
Aken_1040,-16.93949279,145.9830416
Aken_1045,-16.93970125,145.983102
Aken_1050,-16.93977174,145.9831621
Aken_1209,-16.07519796,145.8441032
Ahya_32_Tydeman,-13.971071,144.5027078
Ahya_1300,-14.779989,145.3594272
Aken_491,-14.64120302,145.4914994
Aken_1301,-14.65112376,145.6382704
Aken_1307,-14.65100516,145.6384946
Aken_1356,-14.65159868,145.6392488
Aken_1358,-14.65152978,145.6392287
Ahya_18_Lizard,-14.645972,145.4553634
Ahya_2_Lizard,-14.645823,145.4553902
Ahya_3_Lizard,-14.645833,145.4553826
Aken_10_Lizard,-14.64601289,145.4552799
Aken_1444,-14.74295162,145.5129827
Aken_15_Lizard,-14.64608615,145.4554204
Aken_16_Lizard,-14.64609529,145.455511
Aken_28_Lizard,-14.64627282,145.4561539
Ahya_17_Kelso,-18.445928,146.9910529
Ahya_21_Kelso,-18.446074,146.9910707
Aken_1500,-18.42372215,146.9858316
Aken_1818,-18.42406514,146.9866729
Ahya_4_Chicken,-18.654459,147.7092164
Aken_2035,-18.82659473,147.626247
Ahya_106a,-23.90711007,152.3869808
Ahya_24b,-14.47447498,145.5033838
Ahya_98b,-14.65083743,145.6385368
Ahya_379,-16.84569184,146.2316815
Ahya_382,-16.84572528,146.2316915
Ahya_383,-16.84574883,146.2317189
Ahya_394,-16.84588412,146.2317524
Ahya_398,-16.84591463,146.2317948
Ahya_406,-16.84587733,146.2321133
Ahya_415,-16.84615687,146.2323497
Aspat_632,-14.65091,145.638211
Aspat_648,-14.651094,145.638389
Aspat_911,-18.558624,146.502464
Aspat_913,-18.558021,146.502882
Aspat_942,-18.423753,146.985555
Aspat_1510,-18.669605,147.706998
Aspat_991,-18.669945,147.707441
Aspat_996,-18.670052,147.707458
Aspat_1558,-18.82594,147.626663
Aspat_1619,-23.90766101,152.3866995
Aken_1003,-16.93933412,145.9829962
Aken_1053,-16.93992471,145.9832877
Aken_1090,-16.88715862,146.1867595
Aken_1091,-16.88717522,146.18682
Aken_1100,-16.8870168,146.1872321
Aken_1102,-16.88706458,146.1874327
Aken_1108,-16.03874188,145.6511755
Aken_1133,-16.07494969,145.8440949
Aken_1208,-16.07519654,145.8441776
Ahya_12_Tydeman,-13.971349,144.5023803
Ahya_34_Tydeman,-13.971093,144.5026759
Aken_1229,-14.78048821,145.3582649
Aken_1232,-14.7801681,145.3583618
Aken_1329,-14.65090784,145.6382346
Aken_1351,-14.65085286,145.6393053
Aken_1434,-14.74238777,145.5122341
Aken_1435,-14.74236229,145.5122106
Aken_1445,-14.74296947,145.5128701
Aken_29_Lizard,-14.64630408,145.4561582
Ahya_13_Kelso,-18.445935,146.9911048
Ahya_8_Kelso,-18.446196,146.9909436
Aken_1474,-18.42378602,146.9863713
Ahya_1845_Pelorus ,-18.53743,146.4946393
Ahya_1847_Pelorus ,-18.537578,146.4945813
Aken_1986,-18.82638451,147.6262119
Aken_2012,-18.82655139,147.6263559
Ahya_104a,-23.90709305,152.3869322
Ahya_113b,-14.65105872,145.638374
Ahya_215,-18.42344865,146.9860694
Ahya_376,-16.84565856,146.2316635
Ahya_378,-16.84568765,146.2316663
Aspat_439,-14.474964,145.502743
Aspat_485,-14.475059,145.502503
Aspat_931,-18.558205,146.502776
Aspat_1511,-18.669619,147.70699
Aspat_1532,-18.66994,147.705884
Aspat_1586,-18.825385,147.62658
Aken_1047,-16.93969723,145.9831096
Aken_1073,-16.88752273,146.1866499
Aken_1103,-16.88707992,146.187506
Aken_1106,-16.03870047,145.6512437
Ahya_27_Tydeman,-13.970985,144.5027782
Aken_1224,-14.78013818,145.358499
Aken_1225,-14.78030423,145.3584325
Ahya_113b_R2023,-14.651082,145.6383584
Aken_489,-14.6411783,145.4914524
Aken_1305,-14.65103734,145.6384377
Aken_1308,-14.65095478,145.638527
Aken_1328,-14.65100474,145.6388443
Aken_1354,-14.65145401,145.6393321
Aken_1359,-14.65150497,145.6392085
Ahya_17_Lizard,-14.646011,145.455313
Aken_1408,-14.74213111,145.5116542
Aken_37_Lizard,-14.64679769,145.4567075
Aken_1475,-18.42364848,146.9853339
Ahya_303_R2023,-18.670415,147.7066218
Aken_1984,-18.82567716,147.6272135
Ahya_13b,-14.47390568,145.5041231
Ahya_25b,-14.47448001,145.5033776
Ahya_233,-18.55845982,146.50255
Ahya_301,-18.67043057,147.7064718
Ahya_370,-16.94324613,145.9914126
Ahya_377,-16.84567776,146.2316621
Aspat_452,-14.474843,145.502958
Aspat_461,-14.474809,145.503184
Aspat_463,-14.474719,145.503195
Aspat_604,-14.651071,145.638462
Aspat_643,-14.650851,145.638511
Aspat_765,-16.072892,145.844005
Aspat_845,-16.94063,145.994743
Aspat_850,-16.940902,145.994427
Aspat_941,-18.558457,146.502575
Aspat_1534,-18.67002,147.705903
Aspat_805,-18.669885,147.707422
Aspat_1588,-18.8254,147.626624
Aspat_1590,-18.825315,147.626725
Aspat_1592,-18.825317,147.626702
Aken_1001,-16.93929045,145.9829412
Aken_1041,-16.93953596,145.983074
Aken_1107,-16.03872788,145.6511892
Ahya_14_Tydeman,-13.971393,144.5023145
Aken_1228,-14.78037556,145.3583258
Aken_1231,-14.78026601,145.3582501
Aken_1254,-14.77995562,145.3592935
Ahya_97b_R2023,-14.650839,145.6385532
Ahya_98b_R2023,-14.650838,145.6385358
Aken_1335,-14.65113013,145.638273
Aken_1447,-14.74293871,145.5127523
Aken_1454,-14.47469308,145.5032102
Aken_1819,-18.42378787,146.9868715
KENK_BA1S_P1,-23.084151,150.8855545
Ahya_28a,-21.96297389,152.3072719
Ahya_141b,-14.78000206,145.3593995
Ahya_189,-18.42365216,146.9843686
Ahya_206,-18.42422113,146.9854621
Aspat_849,-16.940808,145.99445
Aspat_851,-16.940632,145.994726
Aspat_912,-18.558131,146.502866
Aspat_916,-18.557986,146.502852
Aspat_920,-18.558072,146.502821
Aspat_994,-18.670001,147.707458
Aspat_1555,-18.825885,147.626673
Aspat_1563,-18.82579,147.626481
Aspat_1565,-18.825615,147.626457
Aspat_1645,-23.90860758,152.386056
Aken_1002,-16.93933505,145.9829629
Aken_1042,-16.93956027,145.9830657
Aken_1057,-16.94004742,145.9833479
Aken_1092,-16.88713633,146.1868452
Aken_1094,-16.88703055,146.1870227
Aken_1096,-16.88702703,146.1870745
Ahya_18_Tydeman,-13.971716,144.5019161
Aken_1303,-14.65113918,145.6383907
Aken_1342,-14.65061121,145.638905
Aken_1353,-14.65125712,145.6393726
Aken_1448,-14.74289504,145.5127778
Aken_5_Lizard,-14.64588339,145.4553493
Aken_9_Lizard,-14.64594098,145.4553781
Ahya_1_Myrmidon,-18.27838,147.37922
Aken_1389,-18.4238597,146.9858135
Aken_1487,-18.4240151,146.9857936
Aken_1812,-18.42417251,146.9861985
Aken_2029,-18.82676672,147.6262514
KENK_BA1S_P3,-23.0843315,150.885426
OCDA_LA1S_P3,-18.833055,147.633357
Ahya_126a,-23.45545809,152.0317526
Ahya_127a,-23.44699287,152.0252817
Ahya_128a,-23.44692581,152.0248448
Ahya_19b,-14.47413677,145.5038358
Ahya_3b,-14.42905328,145.4509223
Ahya_41b,-14.4751157,145.5024132
Ahya_112b,-14.65102888,145.6383849
Ahya_140,-14.78012754,145.3593483
Ahya_372,-16.94319927,145.9914014
Ahya_407,-16.84593349,146.2321319
Ahya_422,-16.84601295,146.2321752
Aspat_441,-14.474892,145.502861
Aspat_448,-14.474994,145.502743
Aspat_462,-14.474723,145.503195
Aspat_473,-14.475204,145.502346
Aspat_603,-14.651058,145.638442
Aspat_650,-14.6511,145.638356
Aspat_904,-18.558428,146.502587
Aspat_928,-18.55812,146.502789
Aspat_940,-18.558463,146.502588
Aspat_1501,-18.669954,147.707641
Aspat_1581,-18.825474,147.626425
Aspat_1644,-23.90854949,152.3861689
Aken_1038,-16.93946329,145.9829874
Aken_1135,-16.07496494,145.8441883
Aken_1179,-16.07499252,145.8441873
Ahya_2_Tydeman,-13.9709,144.5028621
Ahya_43_Tydeman,-13.971374,144.5023597
Aken_492,-14.64122163,145.4914973
Aken_493,-14.6412228,145.4915405
Aken_1334,-14.65108939,145.6382543
Aken_1343,-14.650992,145.6387967
Aken_1355,-14.65159189,145.6392939
Aken_11_Lizard,-14.64603033,145.4552543
Aken_38_Lizard,-14.64689819,145.4570159
Ahya_10_Kelso,-18.446173,146.9912426
Aken_1391,-18.42383363,146.9863349
Aken_1813,-18.42433671,146.9862862
Aken_2028,-18.82677846,147.6262906
PAPE_BA1S_P4,-18.550977,146.488431
OCDA_LA1S_P2,-18.83290898,147.6334215
Ahya_125a,-23.45548064,152.0317515
Ahya_207,-18.42418693,146.9854149
Ahya_210,-18.42425373,146.9855098
Ahya_211,-18.42390236,146.9857243
Ahya_230,-18.55832102,146.5026978
Ahya_363,-16.94054145,145.9947606
Ahya_409,-16.84600105,146.2321476
Ahya_411,-16.84600146,146.2321551
Aspat_442,-14.47489,145.502862
Aspat_447,-14.474907,145.502798
Aspat_599,-14.651159,145.638351
Aspat_842,-16.940768,145.994759
Aspat_956,-18.669899,147.707242
Aspat_1582,-18.825455,147.626416
Ahya_1786,-23.88335751,152.4170236
Aspat_1611,-23.88356882,152.41571
Aspat_1649,-23.90987844,152.3857418
Aken_1037,-16.93946371,145.9829801
Aken_1048,-16.93974249,145.9831086
Aken_1051,-16.93984215,145.9832033
Aken_1097,-16.88702459,146.187105
Ahya_28_Tydeman,-13.971007,144.5027863
Ahya_1283,-14.780195,145.3592862
Aken_1239,-14.78032946,145.358016
Aken_1240,-14.78034278,145.3578964
Aken_1327,-14.65115561,145.6388503
Aken_1352,-14.65092528,145.6392295
Aken_35_Lizard,-14.64668714,145.4566301
Aken_6_Lizard,-14.64588147,145.4553338
Aken_25,-18.27814241,147.3794371
Ahya_6_Kelso,-18.446346,146.9911305
Aken_1488,-18.42397571,146.9858069
Aken_1977,-18.82551405,147.6264275
Aken_2027,-18.82680771,147.6263729
KENK_BA1S_P34,-23.08438575,150.8854493
Ahya_18b,-14.47411087,145.5038803
Ahya_20b,-14.47423476,145.5037072
Ahya_5b,-14.4289765,145.4512073
Ahya_21b,-14.47425638,145.5036686
Ahya_40b,-14.47506272,145.5024348
Ahya_198,-18.42311606,146.985167
Ahya_205,-18.42411409,146.9855136
Ahya_366,-16.94067632,145.9946248
Ahya_416,-16.84617732,146.2323427
Aspat_428,-14.47508,145.502557
Aspat_762,-16.072872,145.843927
Aspat_939,-18.558459,146.502608
Aspat_1584,-18.825365,147.626494
Ahya_1782,-23.88377761,152.4158244
Aspat_1605,-23.90773108,152.3866667
Aken_1031,-16.93932264,145.9829167
Aken_1039,-16.93947326,145.9830044
Aken_1044,-16.93960134,145.9830761
Aken_1046,-16.939686,145.9830941
Aken_1227,-14.78032736,145.3584102
Aken_1230,-14.7803691,145.3582881
Aken_1345,-14.65088605,145.6387328
Aken_1350,-14.65078144,145.6393708
Aken_1318,-14.74257569,145.5124069
Aken_14_Lizard,-14.64611591,145.4554295
Aken_18,-18.27797092,147.3790123
Aken_1392,-18.42384168,146.9863348
Aken_1489,-18.42397864,146.9858184
Aken_1979,-18.82537415,147.626795
KEGK_BA1S_P1,-23.1963115,150.936706
PAPE_BA2S_P1,-18.54077403,146.4886517
KENK_BA1S_P4,-23.08444,150.8854725
Ahya_18a,-21.96288337,152.3072124
Ahya_23a,-21.96292897,152.3072169
Ahya_3a,-21.96281531,152.3074759
Ahya_4b,-14.42899436,145.4512097
Ahya_39b,-14.47504512,145.5024632
Ahya_199,-18.42364454,146.9855722
Ahya_200,-18.42369047,146.985667
Ahya_212,-18.42394377,146.9857738
Ahya_362,-16.94058697,145.9947788
Ahya_375,-16.8456656,146.2316663
Ahya_400,-16.84571883,146.2317389
Ahya_408,-16.84595168,146.232164
Aspat_432,-14.475019,145.502648
Aspat_434,-14.474992,145.502678
Aspat_436,-14.474986,145.502689
Aspat_437,-14.47497,145.502715
Aspat_438,-14.474966,145.502713
Aspat_451,-14.474847,145.502957
Aspat_454,-14.474847,145.502942
Aspat_466,-14.474672,145.503206
Aspat_921,-18.558072,146.50284
Aspat_922,-18.558089,146.502868
Aspat_932,-18.558242,146.502773
Aspat_938,-18.558456,146.502636
Aspat_1562,-18.82577,147.626469
Aspat_1564,-18.825689,147.626434
Ahya_1781,-23.88365373,152.4157701
Aspat_1604,-23.90768666,152.3866475
Aken_1043,-16.93959748,145.9830596
Aken_1093,-16.88710154,146.1869212
Aken_1099,-16.88705242,146.1871738
Aken_1104,-16.88708201,146.1875522
Ahya_29_Tydeman,-13.971034,144.5027861
Ahya_1284,-14.780235,145.3592251
Aken_1233,-14.78031814,145.3580776
Aken_1237,-14.78033801,145.3582035
Aken_1432,-14.74239355,145.5123996
Aken_20_Lizard,-14.64596872,145.4556998
Aken_22_Lizard,-14.64609822,145.4557762
Aken_24_Lizard,-14.64612119,145.4558245
Aken_27_Lizard,-14.64627123,145.4561543
Aken_31_Lizard,-14.64642579,145.4563592
Aken_7_Lizard,-14.64590468,145.4553401
Aken_3,-18.27809949,147.3789341
Ahya_11_Kelso,-18.445989,146.9912746
Aken_1483,-18.42370405,146.9856097
Aken_1492,-18.42368678,146.9858987
Aken_1493,-18.42369039,146.9859029
Aken_1499,-18.42380413,146.9857382
Aken_1821,-18.55885134,146.5023373
Ahya_1846_Pelorus ,-18.537277,146.4946914
Aken_2024,-18.82672691,147.6265971
OCDA_LA1S,-18.833,147.63338
KENK_BA1S_P2,-23.0842695,150.885426
PAPE_BA2S_P2,-18.54093586,146.4886141
OCDA_LA1S_P4,-18.83318052,147.6332905
Ahya_33b,-14.47479056,145.5029511
Ahya_37b,-14.47504621,145.5025375
Ahya_197,-18.4232334,146.9852099
Ahya_201,-18.4235318,146.9858669
Ahya_371,-16.94321788,145.9914582
Aspat_472,-14.47519,145.50252
Aspat_925,-18.558177,146.50289
Aspat_927,-18.558121,146.502804
Aspat_988,-18.670031,147.707207
Aspat_1554,-18.825879,147.626661
Aken_1070,-16.88713859,146.1868197
Aken_1181,-16.07510316,145.8441824
Ahya_21_Tydeman,-13.971701,144.5019706
Aken_7_Tydeman,-13.97107095,144.509858
Aken_1238,-14.7803204,145.3580459
Aken_1244,-14.78056608,145.3578337
Aken_1245,-14.78059952,145.3577995
Aken_1310,-14.65090122,145.6385152
Aken_1344,-14.65096802,145.6387847
Aken_4_Lizard,-14.64589295,145.4553873
Aken_1482,-18.42372274,146.9855969
Aken_1491,-18.42385199,146.9858262
Aken_1820,-18.55884857,146.5023281
Ahya_1844_Pelorus ,-18.53748,146.4944253
Ahya_301_R2023,-18.670393,147.706726
PAPE_BA2S,-18.54103,146.48862
PAPE_BA1S_P2,-18.55071,146.488428
PAPE_BA1S_P3,-18.550857,146.4884365
Ahya_21a,-21.9629252,152.307218
Ahya_129a,-23.44634537,152.0247279
Ahya_14b,-14.47397668,145.5040518
Ahya_9b,-14.47367895,145.5044997
Ahya_153b,-14.77953334,145.3605418
Ahya_202,-18.42345661,146.986001
Ahya_208,-18.42415717,146.9853551
Aspat_433,-14.475007,145.502672
Aspat_453,-14.474845,145.502953
Aspat_600,-14.651118,145.638346
Aspat_771,-16.072831,145.84419
Aspat_905,-18.558519,146.502621
Aspat_923,-18.558144,146.502875
Aspat_933,-18.558277,146.502732
Aspat_934,-18.558363,146.502723
Aspat_1587,-18.825382,147.626606
Ahya_1785,-23.88335533,152.4169858
Aspat_1602,-23.9075072,152.3865234
Aken_18_Tydeman,-13.97112963,144.5104443
Aken_1226,-14.78032493,145.3585006
Aken_1236,-14.78033298,145.3581133
Aken_499,-14.64142833,145.4915135
Aken_3_Lizard,-14.64587987,145.455419
Aken_36_Lizard,-14.64674681,145.4566722
Aken_1369,-14.47404047,145.5039727
Aken_1387,-18.42396984,146.9857839
Aken_1490,-18.4239234,146.9858237
Aken_1494,-18.42384093,146.9859711
Aken_1495,-18.42384093,146.9859713
Aken_1896,-18.67020643,147.706589
PAPE_BA2S_P23,-18.54098542,146.4886158
TSDU_LA1S_P3,-9.934095,142.922705
TSDU_BA3S_P2,-9.985315,142.90854
KEGK_BA1S_P2,-23.19646,150.9367595
PAPE_BA1S_P1,-18.5505295,146.4884325
Ahya_26a,-21.96296694,152.3072792
Ahya_22b,-14.47428186,145.5036204
Ahya_423,-16.84599811,146.2321678
Aspat_449,-14.474852,145.502929
Aspat_464,-14.474705,145.503209
Aspat_470,-14.474526,145.503397
Aspat_766,-16.072796,145.844061
Aspat_770,-16.072792,145.84421
Aspat_902,-18.55828,146.502901
Aspat_910,-18.558614,146.502525
Aspat_924,-18.558152,146.502875
Aspat_926,-18.558192,146.502851
Aspat_987,-18.670048,147.70725
Aspat_1560,-18.825762,147.626444
Aspat_1595,-18.825193,147.626659
Ahya_1784,-23.88374727,152.4159669
Aken_1180,-16.07501498,145.8441398
Ahya_26_Tydeman,-13.970963,144.5027447
Aken_25_Tydeman,-13.9714535,144.5109898
Ahya_1287,-14.780361,145.3596195
Aken_18_Lizard,-14.64601776,145.4557459
Aken_26_Lizard,-14.64618992,145.456054
Aken_34_Lizard,-14.6465433,145.4565141
Aken_1978,-18.82550684,147.6264477
Aken_2033,-18.82671953,147.6261432
KEML_BA1S_P4,-23.15055,150.90275
PAPE_BA2S_P3,-18.54103498,146.4886175
Ahya_15b,-14.47396805,145.5040515
Ahya_203,-18.4235598,146.9861253
Ahya_204,-18.42359274,146.98615
Aspat_450,-14.474892,145.502936
Aspat_752,-16.072758,145.843531
Aspat_769,-16.072776,145.844206
Aspat_903,-18.558277,146.502918
Aspat_935,-18.558388,146.50272
Aspat_1561,-18.825755,147.626447
Aken_1063,-16.84588445,146.2321393
Aken_1095,-16.8870163,146.187056
Ahya_1294,-14.780453,145.3593318
Aken_1234,-14.78043767,145.3580834
Aken_1243,-14.78055149,145.3578359
Aken_1246,-14.78067999,145.3578195
Aken_1251,-14.78063188,145.357756
Aken_1449,-14.74258843,145.5127075
Aken_1381,-14.47490682,145.5027822
Aken_4,-18.27810628,147.3789045
Aken_5,-18.27811022,147.3788917
Aken_1496,-18.42383992,146.9859716
Aken_1497,-18.42383774,146.9859729
Aken_1810,-18.42361797,146.986074
Aken_1814,-18.42429598,146.9864076
Aken_2031,-18.82676974,147.6261748
Aken_2032,-18.82676664,147.6261503
KEGK_BA1S,-23.196282,150.936693
ONMO_BA2S_P4,-16.8820415,146.1837665
OCDA_BA2S_P2,-18.81445,147.63709
PAPE_BA2S_P4,-18.54116213,146.4886241
ONMO_FL1S_P3,-16.848496,146.2371905
Ahya_5a,-21.96281682,152.3074778
Ahya_6a,-21.9628195,152.307478
Ahya_130a,-23.44639742,152.0250007
Ahya_131a,-23.4463944,152.0249662
Ahya_38b,-14.47507236,145.5024813
Ahya_209,-18.4242472,146.9853203
Aspat_443,-14.474887,145.502864
Aspat_455,-14.474828,145.502991
Aspat_465,-14.474696,145.503218
Aspat_906,-18.558531,146.502626
Aspat_909,-18.558606,146.502556
Aspat_989,-18.669977,147.707209
Aspat_1585,-18.825355,147.626527
Aspat_1594,-18.825202,147.626635
Aspat_1614,-23.8834099,152.4165353
Aken_20_Tydeman,-13.97125049,144.5106013
Ahya_1290,-14.78046,145.3595682
Aken_1241,-14.78040028,145.3578885
Aken_1252,-14.78050497,145.3577807
Aken_496,-14.64132096,145.4915818
Aken_1349,-14.6507314,145.6394299
Aken_2_Lizard,-14.6459041,145.4554002
Aken_1375,-14.47480825,145.5029369
Aken_1376,-14.4748085,145.5029297
Aken_1390,-18.42369097,146.9859292
Aken_1894,-18.67015723,147.7066848
Aken_2030,-18.82676035,147.6261725
KEML_BA1S_P2,-23.15051,150.90305
PAOR_FL1S_P4,-18.57187,146.495043
OCDA_LA1S_P1,-18.832615,147.6333735
Ahya_213,-18.42380757,146.9857477
Ahya_369,-16.94326599,145.9914029
Ahya_424,-16.84599828,146.2321704
Aspat_469,-14.47459,145.503324
Aspat_625,-14.651146,145.638232
Aspat_768,-16.072748,145.844185
Aspat_900,-18.558513,146.502739
Aken_1187,-16.07519578,145.8439338
Aken_17_Tydeman,-13.97111186,144.5104033
Ahya_1286,-14.780327,145.3596172
Ahya_1293,-14.780478,145.3594152
Aken_1242,-14.78046617,145.3578927
Aken_1_Lizard,-14.64589748,145.4554444
Aken_1374,-14.47482174,145.5029599
Aken_1,-18.27819396,147.3789882
Aken_19,-18.2780461,147.3791772
Aken_1484,-18.42379843,146.9856895
Aken_1485,-18.42399172,146.9857507
Aken_1498,-18.42383841,146.9859733
Aken_1823,-18.55912434,146.5022438
Aken_1975,-18.67050039,147.7069122
Aken_2026,-18.82678843,147.6264559
KEML_BA1S,-23.15045,150.90317
KEGK_BA1S_P3,-23.196646,150.936854
PAOR_FL1S_P3,-18.5720195,146.495155
KEMD_BA1S_P4,-23.161835,150.920675
Ahya_31b,-14.47470171,145.503171
Ahya_34b,-14.47485753,145.5028835
Ahya_36b,-14.47496147,145.5026533
Ahya_368,-16.94328032,145.9913964
Ahya_403,-16.84584288,146.2320987
Ahya_412,-16.84606827,146.2322668
Aspat_601,-14.651131,145.638398
Aspat_897,-18.558304,146.50286
Aspat_908,-18.558617,146.502553
Aspat_937,-18.558491,146.502692
Aken_1033,-16.9393467,145.9829122
Aken_12_Tydeman,-13.97109283,144.5101137
Aken_24_Tydeman,-13.97135594,144.5108985
Ahya_1288,-14.780413,145.3596159
Ahya_1291,-14.780561,145.359443
Aken_1268,-14.78028084,145.3596288
Aken_1273,-14.78043096,145.3595575
Aken_1279,-14.78039358,145.3594182
Aken_21_Lizard,-14.64594358,145.4557404
Aken_25_Lizard,-14.64617416,145.4560295
Aken_30_Lizard,-14.6463216,145.456169
Aken_1476,-18.42368041,146.9854262
Aken_1862,-18.67042788,147.7063333
Aken_1980,-18.82526527,147.6269275
TSAU_BA2S,-9.8757,143.388545
PAOR_FL1S,-18.57226,146.49542
KENK_FL1S_P1,-23.0852885,150.898866
KEGK_BA1S_P4,-23.1967785,150.936948
KEML_BA1S_P1,-23.150475,150.903145
PAOR_FL1S_P2,-18.5720885,146.4952225
PAOR_FL1S_P1,-18.5722065,146.4953325
Ahya_55a,-21.46932581,152.5643821
Ahya_56a,-21.46919229,152.564365
Ahya_60a,-21.46969671,152.5626694
Ahya_61a,-21.46962371,152.5622835
Ahya_29b,-14.474651,145.5032643
Ahya_30b,-14.47467707,145.5032157
Ahya_373,-16.94319701,145.9916391
Ahya_404,-16.84586274,146.2320855
Ahya_405,-16.84588705,146.2321108
Aspat_435,-14.474981,145.502698
Aspat_606,-14.651033,145.638499
Aspat_899,-18.558465,146.502773
Aspat_936,-18.558438,146.502713
Aspat_1507,-18.670177,147.707149
Aspat_1552,-18.825875,147.62662
Ahya_1_Tydeman,-13.970879,144.5028362
Ahya_1285,-14.780229,145.359267
Aken_1249,-14.78064462,145.3577854
Aken_1269,-14.78031009,145.3596253
Aken_1272,-14.78039961,145.359542
Aken_1333,-14.65121202,145.6382453
Aken_39_Lizard,-14.64637382,145.4563178
Aken_1457,-14.47487849,145.5029169
Aken_1458,-14.47495988,145.5028271
Aken_21,-18.2781616,147.3793314
Aken_1394,-18.42410739,146.9866491
KENK_FL1S,-23.085288,150.898847
TSAU_FR1S,-9.87996,143.41004
ONLI_BA2S,-14.667794,145.441894
CBLM_LA1S_P4,-23.8960755,152.414039
TSDU_BA1S_P4,-9.88136,142.92542
Ahya_25a,-21.96295403,152.3072329
Ahya_57a,-21.46934174,152.5639749
Ahya_58a,-21.46945029,152.5641416
Ahya_59a,-21.46940771,152.5635042
Ahya_76a,-23.90722322,152.386869
Ahya_28b,-14.47464027,145.5032676
Ahya_35b,-14.47487027,145.502861
Ahya_374,-16.94313766,145.9920085
Aspat_431,-14.475049,145.502616
Aspat_456,-14.474808,145.50302
Aspat_898,-18.558395,146.502826
Aspat_901,-18.558564,146.502705
Aspat_1506,-18.670243,147.707176
Aken_1032,-16.93932817,145.9829248
Aken_1036,-16.93945834,145.982919
Aken_1068,-16.84620959,146.2323926
Aken_1188,-16.07521967,145.8438067
Aken_21_Tydeman,-13.97130481,144.5106534
Ahya_1289,-14.780439,145.3596079
Aken_1341,-14.6506506,145.6387634
Aken_40_Lizard,-14.64635546,145.4562497
Aken_8_Lizard,-14.64593654,145.4553757
Aken_1382,-14.47491143,145.5027752
Aken_1949,-18.55921394,146.5022047
Aken_1897,-18.67036837,147.7065098
Aken_1981,-18.82521741,147.626934
Aken_Logger 2,-18.82580381,147.6264326
KEML_BA1S_P3,-23.15053,150.90289
OCDA_BA2S_P1,-18.81449451,147.637185
OCLB_LA1S_P1,-18.949405,147.7016985
OCLB_LA1S_P3,-18.949378,147.7020025
Ahya_2a,-21.9628112,152.3074771
Ahya_12b,-14.47381935,145.5042618
Ahya_17b,-14.47406813,145.5039478
Aspat_426,-14.475094,145.502542
Aspat_457,-14.474835,145.502969
Aspat_458,-14.474766,145.503105
Aken_1088,-16.84633532,146.2325081
Ahya_1292,-14.780507,145.3594103
Aken_1280,-14.78036868,145.3593773
Aken_1281,-14.78031655,145.359367
Aken_1282,-14.78024681,145.3593683
Aken_1370,-14.47416351,145.5038628
Aken_1371,-14.47421925,145.5037841
Aken_1460,-14.47507144,145.5025827
Aken_1461,-14.47510446,145.5024672
Aken_6,-18.27802163,147.3788529
Aken_1822,-18.55911965,146.5023042
Aken_1869,-18.67040483,147.7062572
Aken_1889,-18.67003838,147.7067799
Aken_2019,-18.82659397,147.6265939
TSMA_LA1S_P1,-9.73404,143.43519
OCDA_BA2S,-18.81448,147.6372
PAPE_FR1S_P4,-18.539644,146.498876
Ahya_24a,-21.96295755,152.3072373
Ahya_27b,-14.47457892,145.5033001
Aspat_444,-14.474895,145.502881
Aspat_624,-14.651162,145.638217
Aspat_907,-18.558621,146.502593
Aken_1034,-16.93938752,145.9828864
Aken_1101,-16.88708293,146.1873953
Aken_23_Tydeman,-13.9713981,144.5108019
Aken_1255,-14.78006174,145.3594833
Aken_1256,-14.7800775,145.359509
Aken_1377,-14.47482023,145.5029319
Aken_1380,-14.47487363,145.5028441
Aken_22,-18.27814065,147.3793501
Aken_1477,-18.42372567,146.9854888
Aken_1957,-18.55939055,146.5022184
Aken_1876,-18.66992002,147.7064399
Aken_1989,-18.8265876,147.6263021
OCLB_LA1S,-18.949409,147.701664
OCLB_LA1S,-18.949382,147.701909
TSAU_FL1S_P1,-9.882025,143.39442
TSDU_FR2S_P1,-10.03707,142.926535
TSDU_BA2S_P2,-9.878565,142.932925
CBLM_BA1S_P3,-23.9003675,152.3934045
KENK_FL1S_P4,-23.0854485,150.8994405
OCLB_LA1S_P23,-18.94937875,147.7019308
OCLB_LA1S_P34,-18.94937,147.7020555
OCLB_LA1S_P122,-18.94939225,147.7017788
ONLI_LA1S_P1,-14.6875135,145.4651275
ONLI_LA1S_P2,-14.6876155,145.465167
Ahya_32b,-14.47473994,145.5031248
Aspat_427,-14.475117,145.502517
Aspat_651,-14.65113,145.63841
Aken_15_Tydeman,-13.97108093,144.5103008
Aken_19_Tydeman,-13.97120934,144.510549
Aken_1250,-14.78063615,145.3577796
Aken_1257,-14.78007331,145.3595384
Aken_1309,-14.65094497,145.6385154
Aken_41_Lizard,-14.64632588,145.4561951
Aken_1478,-18.42374688,146.9855037
Aken_1479,-18.42373012,146.9854927
Aken_1480,-18.42373397,146.9855405
Aken_1481,-18.42373087,146.9855322
Aken_1951,-18.55922735,146.5022124
Aken_1868,-18.67044917,147.7062928
Aken_1878,-18.66981978,147.7066694
OCDA_BA2S_P4,-18.814435,147.636895
Ahya_1a,-21.96280047,152.3074841
Ahya_425,-16.84595637,146.2321841
Aspat_767,-16.072758,145.844073
Aspat_1553,-18.825873,147.62664
Aspat_1601,-23.90741014,152.3865734
Aken_1035,-16.93944736,145.9829049
Aken_22_Tydeman,-13.97139198,144.51073
Aken_1247,-14.78066113,145.3578278
Aken_1248,-14.78066775,145.3578024
Aken_1258,-14.78008202,145.3595543
Aken_1262,-14.78013483,145.3596302
Aken_1263,-14.78014673,145.3596696
Aken_1271,-14.78034429,145.359567
Aken_1274,-14.78040464,145.3595192
Aken_1275,-14.78046499,145.3594752
Aken_1378,-14.47485494,145.5028774
Aken_1379,-14.47487857,145.5028521
Aken_1948,-18.55923666,146.5022449
Aken_1985,-18.8254578,147.6264787
TSMA_FR1S,-9.759895,143.39796
TSMA_BA2S,-9.7442395,143.415763
ONMO_BA2S,-16.8820015,146.183993
OCDA_BA1S,-18.8259,147.62727
CBHE_FL1S_P1,-23.456009,151.925543
KEHW_BA1S_P4,-23.2021985,150.9667775
ONMO_FR2S_P2,-16.8827925,146.244564
ONMO_LA1S_P1,-16.8599555,146.225459
OCLB_LA1S_P2,-18.9493795,147.701859
OCLB_LA1S_P4,-18.949362,147.7021085
Ahya_4a,-21.96281732,152.3074827
Ahya_402,-16.84581983,146.2320809
Aspat_622,-14.651201,145.638293
Aspat_623,-14.6512,145.638224
Aken_1078,-16.84585897,146.2317615
Aken_1259,-14.78008982,145.3595805
Aken_1260,-14.78010088,145.3596059
Aken_1261,-14.78011345,145.3596182
Aken_1270,-14.78029576,145.3595756
Aken_1276,-14.7804354,145.3594667
Aken_1332,-14.6512173,145.6382539
Aken_17,-18.27797259,147.3789835
Aken_20,-18.27807058,147.3792812
Aken_1825,-18.55916575,146.5023315
Aken_1946,-18.55926105,146.5023082
Aken_1860,-18.67043199,147.7064835
Aken_1893,-18.67014432,147.7067061
Aken_1976,-18.82579694,147.6264594
ONLI_LA1S,-14.6877065,145.465276
TSAU_BA1S_P2,-9.867615,143.389355
TSMA_FR1S_P2,-9.76224,143.421395
CBHE_FL1S_P2,-23.4561095,151.925544
KEMD_BA1S_P3,-23.16194,150.920755
ONMO_FR2S_P3,-16.88269,146.2447035
ONMO_FR2S_P1,-16.8828585,146.2444155
ONMO_BA2S_P3,-16.8819505,146.183962
ONMO_BA1S_P1,-16.8470695,146.21758
Ahya_16b,-14.47404055,145.5039838
Aspat_1600,-23.90737393,152.3865905
Aspat_1615,-23.88336388,152.4167807
Aken_1456,-14.47488913,145.5029149
Aken_23,-18.27814191,147.3793548
Aken_24,-18.27811911,147.3794505
Aken_1938,-18.55950085,146.5022298
Aken_1939,-18.55953748,146.5022144
Aken_1940,-18.55954721,146.5022098
Aken_1952,-18.55928293,146.5022094
Aken_1861,-18.67042897,147.7063577
Aken_1870,-18.67005363,147.7062531
Aken_1888,-18.67005455,147.7067585
Aken_2018,-18.82664342,147.6265606
KEMD_BA1S,-23.162195,150.920995
ONMO_FL1S,-16.8485425,146.237223
ONMO_FR2S,-16.882674,146.244602
TSMA_FR2S_P2,-9.74838,143.458505
TSMA_BA1S_P2,-9.748895,143.399825
CBHE_BA2S_P3,-23.4340225,151.9208295
ONMO_BA2S_P2,-16.8818885,146.1840885
ONMO_BA1S_P4,-16.847364,146.217261
OCLB_BA1S_P1,-18.949138,147.6930675
ONLI_LA1S_P3,-14.6878365,145.465296
ONLI_FL1S_P2,-14.6980275,145.4453655
Ahya_401,-16.84574246,146.2320411
Aken_26_Tydeman,-13.97101589,144.5097673
Aken_1267,-14.78026777,145.3596253
Aken_1826,-18.55918628,146.5022991
Aken_1911,-18.5592991,146.5022635
Aken_1916,-18.5592406,146.502305
Aken_1863,-18.67042554,147.7063247
Aken_1890,-18.67005891,147.7067769
Aken_1895,-18.67017936,147.7065452
Aken_1974,-18.67043727,147.7068578
Aken_1988,-18.82684962,147.6261352
CBHE_LA2S,-23.443793,151.913647
CBHE_LA2S,-23.445995,151.914251
CBHE_LA2S,-23.446363,151.914292
CBHE_LA2S,-23.446343,151.91423
CBHE_LA2S,-23.446596,151.914423
CBHE_LA2S,-23.446857,151.91471
CBHE_LA3S,-23.441863,151.919192
CBHE_LA3S,-23.441833,151.919367
CBHE_LA3S,-23.437415,151.923291
CBHE_LA3S,-23.438065,151.922426
CBHE_LA3S,-23.440433,151.920458
CBHE_LA3S,-23.440581,151.920303
CBHE_LA3S,-23.442017,151.919499
CBHE_LA3S,-23.44179,151.91939
CBHE_LA3S,-23.44123,151.92091
CBHE_LA3S,-23.4408,151.921151
ONLI_LO1S_P3,-14.6835,145.450361
ONLI_NP1D_P2,-14.646028,145.453583
ONLI_NP1S,-14.646083,145.45375
ONLI_CG1S_P4,-14.663694,145.451111
ONLI_BV1S_P4,-14.684389,145.44
ONLI_RB1S_P1,-14.679194,145.443583
ONLI_LA2S_P1,-14.686861,145.454972
ONLI_TA1S_P1,-14.685111,145.466972
ONLI_PA1S_P4,-14.696806,145.449889
ONLI_CN1S_P4,-14.658139,145.451583
Aspat_1617,-23.90760938,152.3866694
Aspat_1618,-23.90765657,152.3866973
Amil_1_Sudbury,-16.99537276,146.2708587
Amil_10_Sudbury,-16.99564006,146.271169
Amil_11_Sudbury,-16.99566009,146.271205
Amil_12_Sudbury,-16.99569664,146.2712164
Amil_13_Sudbury,-16.99573101,146.2712274
Amil_14_Sudbury,-16.9957383,146.2711641
Amil_15_Sudbury,-16.99571583,146.2711378
Amil_16_Sudbury,-16.99573888,146.2711266
Amil_17_Sudbury,-16.9957647,146.2711048
Amil_18_Sudbury,-16.99573863,146.2710763
Amil_19_Sudbury,-16.99575942,146.2710714
Amil_2_Sudbury,-16.99533764,146.2708434
Amil_20_Sudbury,-16.9957616,146.2710351
Amil_21_Sudbury,-16.99574417,146.2710555
Amil_22_Sudbury,-16.99578314,146.2710812
Amil_23_Sudbury,-16.99575473,146.2711325
Amil_24_Sudbury,-16.99583813,146.2711351
Amil_25_Sudbury,-16.99595799,146.2711599
Amil_26_Sudbury,-16.99539598,146.2708695
Amil_27_Sudbury,-16.99543789,146.27089
Amil_28_Sudbury,-16.99546052,146.2708877
Amil_29_Sudbury,-16.99551475,146.2709297
Amil_3_Sudbury,-16.99524309,146.2710503
Amil_30_Sudbury,-16.99557426,146.2710148
Amil_31_Sudbury,-16.99563453,146.2710047
Amil_32_Sudbury,-16.99567191,146.2710039
Amil_33_Sudbury,-16.99567879,146.2709491
Amil_34_Sudbury,-16.9956487,146.2709034
Amil_35_Sudbury,-16.99566822,146.2708471
Amil_36_Sudbury,-16.99574291,146.27082
Amil_37_Sudbury,-16.99583997,146.2708252
Amil_38_Sudbury,-16.99585263,146.27086
Amil_39_Sudbury,-16.99584777,146.270789
Amil_4_Sudbury,-16.99528157,146.2710707
Amil_40_Sudbury,-16.99583938,146.2707497
Amil_41_Sudbury,-16.99591331,146.2706165
Amil_42_Sudbury,-16.99599965,146.2706714
Amil_43_Sudbury,-16.99604482,146.270692
Amil_44_Sudbury,-16.9960501,146.2707245
Amil_45_Sudbury,-16.99608774,146.2708095
Amil_46_Sudbury,-16.99616469,146.2707701
Amil_47_Sudbury,-16.99617927,146.2707476
Amil_48_Sudbury,-16.99613267,146.2705948
Amil_49_Sudbury,-16.9961211,146.2705385
Amil_5_Sudbury,-16.99529473,146.2710664
Amil_50_Sudbury,-16.99614021,146.2704693
Amil_6_Sudbury,-16.99534846,146.2711446
Amil_7_Sudbury,-16.99541342,146.2711818
Amil_8_Sudbury,-16.99550008,146.2712251
Amil_9_Sudbury,-16.99563344,146.2711721
Amil_1_Undine,-16.1112,145.6479
Amil_26_Undine,-16.11122766,145.6479552
Amil_27_Undine,-16.11122053,145.6479627
Amil_28_Undine,-16.11121894,145.648034
Amil_29_Undine,-16.11132204,145.6482179
Amil_30_Undine,-16.11132983,145.6483719
Amil_31_Undine,-16.11138716,145.6484478
Amil_32_Undine,-16.11129991,145.6484508
Amil_33_Undine,-16.11132237,145.6485427
Amil_34_Undine,-16.11151046,145.6488105
Amil_35_Undine,-16.11157676,145.6489797
Amil_36_Undine,-16.11161968,145.6490232
Amil_37_Undine,-16.11151239,145.6490656
Amil_38_Undine,-16.11150677,145.6491139
Amil_39_Undine,-16.11156243,145.6491315
Amil_40_Undine,-16.1116092,145.6491346
Amil_41_Undine,-16.11152119,145.6492154
Amil_42_Undine,-16.11142673,145.6492661
Amil_43_Undine,-16.11181095,145.6495575
Amil_44_Undine,-16.11187759,145.649608
Amil_45_Undine,-16.11195261,145.649659
Amil_46_Undine,-16.11197239,145.6496589
Amil_47_Undine,-16.1120583,145.6498665
Amil_48_Undine,-16.11206979,145.649868
Amil_49_Undine,-16.11204749,145.6499871
Amil_50_Undine,-16.11220934,145.6500799
Aken_1193,-16.07577011,145.8436823
Aken_1278,-14.78036877,145.3594336
Ahya_172_Lizard,-14.6412011,145.4914095
Ahya_176_Lizard,-14.641204,145.4914741
Ahya_178_Lizard,-14.6412272,145.4914882
Ahya_179_Lizard,-14.6411738,145.491481
Ahya_481_Lizard,-14.6412179,145.4915279
Ahya_482_Lizard,-14.6412616,145.4915159
Ahya_483_Lizard,-14.6412362,145.4915348
Ahya_484_Lizard,-14.6413109,145.4915963
Ahya_485_Lizard,-14.6412952,145.4916036
Ahya_486_Lizard,-14.6413399,145.4915592
Ahya_487_Lizard,-14.6414072,145.4915282
Ahya_488_Lizard,-14.6412616,145.4915365
Amil_1_Lizard,-14.68675599,145.4400449
Amil_10_Lizard,-14.6868098,145.439798
Amil_11_Lizard,-14.68688766,145.4398275
Amil_12_Lizard,-14.68689093,145.4398174
Amil_13_Lizard,-14.68691055,145.4398069
Amil_14_Lizard,-14.68691901,145.4397995
Amil_15_Lizard,-14.68692983,145.439807
Amil_16_Lizard,-14.6869289,145.4397515
Amil_17_Lizard,-14.68700116,145.4396643
Amil_18_Lizard,-14.68698087,145.4396345
Amil_19_Lizard,-14.68698045,145.4396247
Amil_2_Lizard,-14.68677811,145.4400483
Amil_20_Lizard,-14.68698774,145.4396006
Amil_21_Lizard,-14.68697953,145.4395508
Amil_22_Lizard,-14.6870196,145.4395764
Amil_23_Lizard,-14.68703535,145.4395452
Amil_24_Lizard,-14.68704432,145.4395122
Amil_25_Lizard,-14.68710601,145.4395224
Amil_26_Lizard,-14.68644477,145.4398694
Amil_27_Lizard,-14.68649405,145.4398926
Amil_28_Lizard,-14.68649506,145.4399901
Amil_29_Lizard,-14.68637805,145.4400657
Amil_3_Lizard,-14.68677057,145.440043
Amil_30_Lizard,-14.68636019,145.4401212
Amil_31_Lizard,-14.68630269,145.4402674
Amil_32_Lizard,-14.68614788,145.4402947
Amil_33_Lizard,-14.6861141,145.4402578
Amil_34_Lizard,-14.68609256,145.4402252
Amil_35_Lizard,-14.68612852,145.4401868
Amil_36_Lizard,-14.68612575,145.4401631
Amil_37_Lizard,-14.68610404,145.4400658
Amil_38_Lizard,-14.6861136,145.4400219
Amil_39_Lizard,-14.68609968,145.4399024
Amil_4_Lizard,-14.6867937,145.4400139
Amil_40_Lizard,-14.68611879,145.4397767
Amil_41_Lizard,-14.68612282,145.4397471
Amil_42_Lizard,-14.68612659,145.4397068
Amil_43_Lizard,-14.68613866,145.4397081
Amil_44_Lizard,-14.68616213,145.4396875
Amil_45_Lizard,-14.68616305,145.4396236
Amil_46_Lizard,-14.68612432,145.4396021
Amil_47_Lizard,-14.68610706,145.4395919
Amil_48_Lizard,-14.68603707,145.4396094
Amil_49_Lizard,-14.68604369,145.439564
Amil_5_Lizard,-14.68678624,145.4399911
Amil_50_Lizard,-14.68607982,145.4395386
Amil_6_Lizard,-14.68676856,145.439954
Amil_7_Lizard,-14.68683343,145.4399383
Amil_8_Lizard,-14.68680779,145.4399264
Amil_9_Lizard,-14.68675733,145.4398078
Aken_32_Lizard,-14.64645286,145.4563919
Aken_33_Lizard,-14.64649972,145.4564207
Amil_1_Davies,-18.82912941,147.6381798
Amil_10_Davies,-18.82912748,147.638407
Amil_11_Davies,-18.82913721,147.6383986
Amil_12_Davies,-18.82914651,147.638422
Amil_13_Davies,-18.829216,147.6385386
Amil_14_Davies,-18.82949679,147.6387218
Amil_15_Davies,-18.82979292,147.6389437
Amil_16_Davies,-18.82996945,147.6389485
Amil_17_Davies,-18.8302857,147.6384122
Amil_18_Davies,-18.83041059,147.6383077
Amil_19_Davies,-18.83044336,147.6381903
Amil_2_Davies,-18.8289725,147.6382663
Amil_20_Davies,-18.83044411,147.6381809
Amil_21_Davies,-18.83054906,147.6380575
Amil_22_Davies,-18.83069767,147.6380047
Amil_23_Davies,-18.83075567,147.6380061
Amil_24_Davies,-18.8307814,147.6379849
Amil_25_Davies,-18.83091627,147.63777
Amil_26_Davies,-18.82884778,147.639038
Amil_27_Davies,-18.82906437,147.6388814
Amil_28_Davies,-18.82922354,147.6386231
Amil_29_Davies,-18.82930527,147.6385835
Amil_3_Davies,-18.82871032,147.6381071
Amil_30_Davies,-18.8293455,147.638425
Amil_31_Davies,-18.82208635,147.6273538
Amil_4_Davies,-18.82846029,147.6373399
Amil_5_Davies,-18.82829583,147.6368694
Amil_6_Davies,-18.82922371,147.6384126
Amil_7_Davies,-18.82920443,147.6384241
Amil_8_Davies,-18.82911801,147.638391
Amil_9_Davies,-18.82913335,147.6384046
Amil_1_Orpheus,-18.56992149,146.4922088
Amil_1_SE_Pelorus,-18.55804835,146.4878799
Amil_1_SW_Pelorus,-18.55363,146.48859
Amil_10_Orpheus,-18.56943861,146.4917387
Amil_10_SE_Pelorus,-18.55803779,146.4878856
Amil_11_Orpheus,-18.56941832,146.4917397
Amil_11_SE_Pelorus,-18.55802857,146.487883
Amil_12_Orpheus,-18.56940089,146.4917395
Amil_12_SE_Pelorus,-18.55803654,146.4878865
Amil_13_Orpheus,-18.56938329,146.4917298
Amil_13_SE_Pelorus,-18.55803662,146.4878872
Amil_14_Orpheus,-18.56937859,146.4917195
Amil_14_SE_Pelorus,-18.55803327,146.4878794
Amil_15_Orpheus,-18.56938521,146.4917218
Amil_15_SE_Pelorus,-18.55803385,146.4878851
Amil_16_Orpheus,-18.56929938,146.4914631
Amil_16_SE_Pelorus,-18.55803503,146.4878896
Amil_17_Orpheus,-18.56896277,146.4908064
Amil_17_SE_Pelorus,-18.55803612,146.4878914
Amil_18_Orpheus,-18.5689191,146.4907364
Amil_18_SE_Pelorus,-18.55849779,146.4883072
Amil_19_Orpheus,-18.56888884,146.4907578
Amil_19_SE_Pelorus,-18.55849293,146.4883105
Amil_2_Orpheus,-18.56987472,146.4921279
Amil_2_SE_Pelorus,-18.5580533,146.4878844
Amil_20_Orpheus,-18.5688564,146.4907741
Amil_20_SE_Pelorus,-18.55847072,146.4883292
Amil_21_Orpheus,-18.56883905,146.4908557
Amil_21_SE_Pelorus,-18.55845261,146.4883191
Amil_22_Orpheus,-18.56878247,146.4905195
Amil_22_SE_Pelorus,-18.5584475,146.4883128
Amil_23_Orpheus,-18.56876085,146.4905306
Amil_23_SE_Pelorus,-18.55845572,146.4883268
Amil_24_SE_Pelorus,-18.55845815,146.4883347
Amil_25_Orpheus,-18.56879781,146.4906596
Amil_25_SE_Pelorus,-18.55843208,146.4883408
Amil_26_Orpheus,-18.56871927,146.4906518
Amil_26_SE_Pelorus,-18.55841054,146.4883252
Amil_27_Orpheus,-18.56869681,146.4906205
Amil_27_SE_Pelorus,-18.55841347,146.4883134
Amil_28_Orpheus,-18.56868139,146.4906179
Amil_28_SE_Pelorus,-18.55841305,146.4883304
Amil_29_Orpheus,-18.56866848,146.4906213
Amil_29_SE_Pelorus,-18.55848773,146.4884287
Amil_3_Orpheus,-18.56982937,146.4921283
Amil_3_SE_Pelorus,-18.55805431,146.4878856
Amil_30_Orpheus,-18.56865691,146.4906157
Amil_30_SE_Pelorus,-18.55852503,146.488444
Amil_31_Orpheus,-18.56863067,146.490576
Amil_31_SE_Pelorus,-18.55856946,146.4884753
Amil_32_Orpheus,-18.5684591,146.4902413
Amil_32_SE_Pelorus,-18.5585817,146.4884761
Amil_33_Orpheus,-18.56846455,146.4902351
Amil_33_SE_Pelorus,-18.55873374,146.4885342
Amil_34_Orpheus,-18.56851467,146.4901909
Amil_34_SE_Pelorus,-18.55876023,146.4885373
Amil_35_Orpheus,-18.56852397,146.4901834
Amil_35_SE_Pelorus,-18.55875344,146.4884098
Amil_36_Orpheus,-18.56853738,146.4901114
Amil_36_SE_Pelorus,-18.55882653,146.4883185
Amil_37_Orpheus,-18.56836715,146.4898461
Amil_37_SE_Pelorus,-18.55886165,146.488268
Amil_38_Orpheus,-18.56834435,146.4897955
Amil_38_SE_Pelorus,-18.55891529,146.488149
Amil_39_Orpheus,-18.56807403,146.4895813
Amil_39_SE_Pelorus,-18.55852755,146.4883012
Amil_4_Orpheus,-18.56981219,146.4921371
Amil_4_SE_Pelorus,-18.55805556,146.4878777
Amil_40_Orpheus,-18.5679882,146.489583
Amil_40_SE_Pelorus,-18.55853258,146.4883481
Amil_41_SE_Pelorus,-18.55853266,146.4883688
Amil_42_SE_Pelorus,-18.55853618,146.488396
Amil_43_SE_Pelorus,-18.55848606,146.4883838
Amil_44_SE_Pelorus,-18.55846904,146.4883692
Amil_5_Orpheus,-18.56975427,146.4920384
Amil_5_SE_Pelorus,-18.55805883,146.4878821
Amil_6_Orpheus,-18.56969895,146.4919805
Amil_6_SE_Pelorus,-18.55805741,146.4878855
Amil_7_Orpheus,-18.56958454,146.4917105
Amil_7_SE_Pelorus,-18.55805833,146.4878871
Amil_8_Orpheus,-18.5695531,146.4917181
Amil_8_SE_Pelorus,-18.558059,146.4878861
Amil_9_Orpheus,-18.56949527,146.4917431
Amil_9_SE_Pelorus,-18.55805565,146.4878917
Amil_1_Magnetic,-19.16572267,146.8520262
Amil_10_Magnetic,-19.16537491,146.8525482
Amil_11_Magnetic,-19.1652729,146.8525649
Amil_12_Magnetic,-19.16524138,146.8525608
Amil_13_Magnetic,-19.1652387,146.8525678
Amil_14_Magnetic,-19.16524675,146.8525656
Amil_15_Magnetic,-19.16522739,146.8525566
Amil_16_Magnetic,-19.16521749,146.852554
Amil_17_Magnetic,-19.16523417,146.8525557
Amil_18_Magnetic,-19.16523409,146.8525631
Amil_19_Magnetic,-19.16524499,146.8525567
Amil_2_Magnetic,-19.16575528,146.8520791
Amil_20_Magnetic,-19.16523158,146.8525614
Amil_21_Magnetic,-19.16566123,146.8519413
Amil_22_Magnetic,-19.16590129,146.8521029
Amil_23_Magnetic,-19.16591747,146.8520919
Amil_24_Magnetic,-19.16521372,146.8525489
Amil_25_Magnetic,-19.16520157,146.8525583
Amil_26_Magnetic,-19.16523032,146.8525578
Amil_27_Magnetic,-19.16523853,146.8525572
Amil_28_Magnetic,-19.16523946,146.8525568
Amil_29_Magnetic,-19.16524792,146.8525564
Amil_3_Magnetic,-19.16576743,146.8520853
Amil_30_Magnetic,-19.16522764,146.8525811
Amil_31_Magnetic,-19.16617144,146.8521584
Amil_32_Magnetic,-19.16604538,146.8521603
Amil_33_Magnetic,-19.16614185,146.8522173
Amil_34.1_Magnetic,-19.1661307,146.8521344
Amil_34.2_Magnetic,-19.16620337,146.8521011
Amil_35_Magnetic,-19.16619684,146.8520728
Amil_36_Magnetic,-19.16618762,146.8520932
Amil_37_Magnetic,-19.16626892,146.8520673
Amil_38_Magnetic,-19.16623942,146.8521169
Amil_39_Magnetic,-19.16619038,146.852093
Amil_4_Magnetic,-19.16581571,146.8520631
Amil_40_Magnetic,-19.16619415,146.8520884
Amil_41_Magnetic,-19.16620103,146.8521036
Amil_42_Magnetic,-19.16620195,146.852095
Amil_43_Magnetic,-19.1662115,146.8520993
Amil_44_Magnetic,-19.16621662,146.8521069
Amil_45_Magnetic,-19.16619558,146.8520966
Amil_46_Magnetic,-19.16619751,146.8521043
Amil_47_Magnetic,-19.16619332,146.8521067
Amil_48_Magnetic,-19.16619751,146.8521102
Amil_49_Magnetic,-19.16619516,146.8521005
Amil_5_Magnetic,-19.16575117,146.8522009
Amil_50_Magnetic,-19.16618661,146.8521017
Amil_6_Magnetic,-19.16576014,146.8522133
Amil_7_Magnetic,-19.16591956,146.8522454
Amil_8_Magnetic,-19.16584128,146.8523627
Amil_9_Magnetic,-19.1656635,146.8524781
Aken_1_Magnetic,-19.16573592,146.8520385
Aken_10_Magnetic,-19.16618594,146.8521751
Aken_11_Magnetic,-19.16617454,146.8521513
Aken_12_Magnetic,-19.16617571,146.852142
Aken_13_Magnetic,-19.16617027,146.8521381
Aken_14_Magnetic,-19.16618829,146.8521423
Aken_15_Magnetic,-19.16617488,146.8521377
Aken_16_Magnetic,-19.1661908,146.8521498
Aken_17_Magnetic,-19.16617479,146.8521378
Aken_18_Magnetic,-19.16618544,146.8521514
Aken_19_Magnetic,-19.16618887,146.85215
Aken_2_Magnetic,-19.16579962,146.8521348
Aken_20_Magnetic,-19.16618275,146.852152
Aken_21_Magnetic,-19.1661696,146.8521408
Aken_22_Magnetic,-19.16617806,146.8521472
Aken_23_Magnetic,-19.16577313,146.8520423
Aken_24_Magnetic,-19.16585217,146.8521066
Aken_25.1_Magnetic,-19.16586516,146.8521018
Aken_25.2_Magnetic,-19.16602828,146.8521022
Aken_26_Magnetic,-19.16609718,146.8522852
Aken_27_Magnetic,-19.16611763,146.8521672
Aken_28_Magnetic,-19.16612576,146.8521206
Aken_29_Magnetic,-19.16618787,146.8520591
Aken_3_Magnetic,-19.16579358,146.8522898
Aken_30_Magnetic,-19.16622047,146.852094
Aken_31_Magnetic,-19.16618804,146.8520934
Aken_32_Magnetic,-19.16621712,146.852116
Aken_33_Magnetic,-19.16619114,146.8520953
Aken_35_Magnetic,-19.16620379,146.8520923
Aken_36_Magnetic,-19.16620949,146.8521056
Aken_37_Magnetic,-19.16619977,146.8521025
Aken_38_Magnetic,-19.16620949,146.8521052
Aken_39_Magnetic,-19.16621829,146.8521206
Aken_4_Magnetic,-19.16582099,146.8523074
Aken_40_Magnetic,-19.16620463,146.8521115
Aken_41_Magnetic,-19.16620891,146.8521108
Aken_42_Magnetic,-19.1661882,146.8521
Aken_43_Magnetic,-19.16618745,146.8521071
Aken_44_Magnetic,-19.16619382,146.852105
Aken_5_Magnetic,-19.16584002,146.8523036
Aken_6_Magnetic,-19.16584823,146.8522964
Aken_7_Magnetic,-19.16596332,146.8522072
Aken_8_Magnetic,-19.16597195,146.8521953
Aken_9_Magnetic,-19.16591344,146.8522634