projectID,scientificAbbreviation,locality,decimalLatitude,decimalLongitude,depthOfColonyinMetersCorrected,EcoPlotID_full
ECO03,Shys,Lady_Musgrave,-23.90031025,152.3934798,3.85,CBLM_BA1S_P23
ECO03,Spis,Moore_Reef,-16.859841,146.2256785,3.9,ONMO_LA1S
ECO03,Pver,Lizard_Island,-14.649287,145.4927845,3.9,ONLI_FR2S_P4
ECO03,Shys,Masig,-9.749119759,143.3996124,3.9,TSMA_BA1S_P4
ECO03,Pmea,Lady_Musgrave,-23.8943045,152.4043745,3.9,CBLM_BA2S_P1
ECO03,Peyd,Heron,-23.4340385,151.920667,3.9,CBHE_BA2S_P4
ECO03,Shys,Moore_Reef,-16.8598625,146.2258965,3.9,ONMO_LA1S_P3
ECO03,Pmas,Little_Broadhurst,-18.943966,147.699309,3.9,OCLB_FL1S_P2
ECO03,Pmas,Little_Broadhurst,-18.9492785,147.693012,3.9,OCLB_BA1S_P2
ECO03,Pmas,Moore_Reef,-16.8486695,146.237388,3.9,ONMO_FL1S_P1
ECO03,Pmas,Lizard_Island,-14.697944,145.4452925,3.9,ONLI_FL1S_P1
ECO03,Shys,Lizard_Island,-14.698135,145.445475,3.9,ONLI_FL1S_P3
ECT1,Aspat,Davies,-18.825865,147.626609,3.9,Aspat_1551
ECT1,Aken,Tydeman,-13.97109333,144.5101069,3.9,Aken_11_Tydeman
ECT1,Aken,Tydeman,-13.97111789,144.5101178,3.9,Aken_13_Tydeman
ECT1,Aken,Martin,-14.78023273,145.3596126,3.9,Aken_1266
ECT1,Aken,No_Name,-14.6514442,145.6390163,3.9,Aken_1326
ECT1,Aken,Pelorus,-18.55918997,146.5023602,3.9,Aken_1925
ECT1,Aken,Pelorus,-18.55923951,146.5022608,3.9,Aken_1947
ECT1,Aken,Pelorus,-18.55936046,146.5022084,3.9,Aken_1954
ECO03,Spis,Heron,-23.4284495,151.952358,4,CBHE_BA1S_P3
ECO03,Spis,Lizard_Island,-14.6980975,145.445447,4,ONLI_FL1S
ECO03,Pmea,Lady_Musgrave,-23.9004655,152.393308,4,CBLM_BA1S_P4
ECO03,Pver,Lady_Musgrave,-23.88506,152.4135875,4,CBLM_FL1S_P2
ECO03,Pmas,Davies,-18.81441,147.63697,4,OCDA_BA2S_P3
ECO03,Pmas,Pelorus,-18.539612,146.499036,4,PAPE_FR1S_P3
ECO03,,Heron,-23.433982,151.920934,4,CBHE_BA2S
ECT1,Aspat,Hicks,-14.475055,145.502585,4,Aspat_429
ECT1,Aspat,Lady_Musgrave,-23.90743973,152.3867061,4,Aspat_1596
ECT1,Aspat,Lady_Musgrave,-23.90743109,152.386691,4,Aspat_1597
ECT1,Aken,Moore,-16.84599652,146.2321624,4,Aken_1064
ECT1,Aken,Moore,-16.84597112,146.2317756,4,Aken_1079
ECT1,Aken,Tydeman,-13.97107875,144.509965,4,Aken_8_Tydeman
ECT1,Aken,Martin,-14.78017515,145.3596584,4,Aken_1264
ECT1,Aken,Martin,-14.78043096,145.3594595,4,Aken_1277
ECT1,Aken,No_Name,-14.65119098,145.6382735,4,Aken_1331
ECT1,Aken,Lizard,-14.64581391,145.4555579,4,Aken_43_Lizard
ECT1,Aken,Pelorus,-18.55919617,146.5022861,4,Aken_1827
ECT1,Aken,Pelorus,-18.55923406,146.502259,4,Aken_1828
ECT1,Aken,Pelorus,-18.55943514,146.5022958,4,Aken_1935
ECT1,Aken,Pelorus,-18.55966162,146.5021779,4,Aken_1942
ECT1,Aken,Pelorus,-18.55921285,146.5021914,4,Aken_1950
ECT1,Aken,Pelorus,-18.55930715,146.5022261,4,Aken_1953
ECT1,Aken,Pelorus,-18.55936037,146.50221,4,Aken_1955
ECT1,Aken,Chicken,-18.66983403,147.7066355,4,Aken_1877
ECT1,Aken,Chicken,-18.66993017,147.7067698,4,Aken_1879
ECT1,Aken,Chicken,-18.66979874,147.7068846,4,Aken_1885
ECT1,Aken,Chicken,-18.67034809,147.7067818,4,Aken_1971
ECT1,Aken,Davies,-18.82662498,147.6266273,4,Aken_2022
ECO03,Spis,Lady_Musgrave,-23.896238,152.413635,4.1,CBLM_LA1S
ECO03,Ahya,Lady_Musgrave,-23.900155,152.393624,4.1,CBLM_BA1S
ECO03,Pver,Moore_Reef,-16.8472105,146.217424,4.1,ONMO_BA1S
ECO03,Pver,Lizard_Island,-14.69179039,145.4691158,4.1,ONLI_FR1S_P1
ECO03,Pdam,Aukane,-9.88359,143.407125,4.1,TSAU_FR2S_P3
ECO03,Prug,Masig,-9.748669624,143.4000397,4.1,TSMA_BA1S_P1
ECO03,Shys,Heron,-23.433933,151.9212005,4.1,CBHE_BA2S_P1
ECO03,Pmas,Moore_Reef,-16.8722915,146.253598,4.1,ONMO_FR1S_P1
ECO03,Shys,Moore_Reef,-16.8597595,146.225918,4.1,ONMO_LA1S_P4
ECO03,Pmas,Chicken,-18.66053299,147.7024005,4.1,OCCH_BA2S_P4
ECO03,Pmas,Moore_Reef,-16.848538,146.237323,4.1,ONMO_FL1S_P2
ECO03,Pmas,Lizard_Island,-14.6879075,145.465401,4.1,ONLI_LA1S_P4
ECT1,Aspat,Hicks,-14.47508,145.50259,4.1,Aspat_430
ECT1,Aspat,Lady_Musgrave,-23.90741182,152.3866715,4.1,Aspat_1598
ECT1,Aspat,Lady_Musgrave,-23.88372414,152.4158023,4.1,Aspat_1612
ECT1,Aken,Moore,-16.84599945,146.2317839,4.1,Aken_1080
ECT1,Aken,Tydeman,-13.97109442,144.5100171,4.1,Aken_9_Tydeman
ECT1,Aken,Martin,-14.78019325,145.3596426,4.1,Aken_1265
ECT1,Aken,No_Name,-14.65150153,145.6390363,4.1,Aken_1360
ECT1,Aken,Lizard,-14.64599378,145.4557475,4.1,Aken_19_Lizard
ECT1,Aken,Hicks,-14.47482174,145.5029726,4.1,Aken_1373
ECT1,Aken,Myrmidon,-18.27786673,147.3787855,4.1,Aken_10
ECT1,Aken,Myrmidon,-18.27798642,147.3789643,4.1,Aken_14
ECT1,Aken,Pelorus,-18.55925418,146.5023385,4.1,Aken_1917
ECT1,Aken,Pelorus,-18.55924688,146.5023401,4.1,Aken_1918
ECT1,Aken,Pelorus,-18.55924261,146.5023675,4.1,Aken_1919
ECT1,Aken,Pelorus,-18.55908905,146.5023505,4.1,Aken_1930
ECT1,Aken,Pelorus,-18.55937672,146.5022116,4.1,Aken_1956
ECT1,Aken,Chicken,-18.67037927,147.706492,4.1,Aken_1859
ECT1,Aken,Chicken,-18.67001725,147.706292,4.1,Aken_1871
ECT1,Aken,Chicken,-18.66991566,147.7068665,4.1,Aken_1881
ECT1,Aken,Chicken,-18.67011314,147.7067657,4.1,Aken_1892
ECT1,Aken,Davies,-18.82670411,147.626529,4.1,Aken_2016
ECO03,Pmas,Heron,-23.456145,151.925609,4.15,CBHE_FL1S_P23
ECO03,Ahya,Little_Broadhurst,-18.949114,147.693065,4.2,OCLB_BA1S
ECO03,Spis,Little_Broadhurst,-18.9493475,147.6929265,4.2,OCLB_BA1S
ECO03,Shys,Lady_Musgrave,-23.884943,152.4136075,4.2,CBLM_FL1S_P1
ECO03,Pmas,Moore_Reef,-16.8599545,146.2257745,4.2,ONMO_LA1S_P2
ECO03,Shys,Davies,-18.81929652,147.6639395,4.2,OCDA_FR1S_P4
ECO03,Pmas,Davies,-18.831095,147.63311,4.2,OCDA_LA2S_P1
ECT1,Aspat,Hicks,-14.474748,145.503075,4.2,Aspat_459
ECT1,Aspat,Hicks,-14.475238,145.502408,4.2,Aspat_471
ECT1,Aspat,Lady_Musgrave,-23.90742783,152.3866732,4.2,Aspat_1599
ECT1,Aspat,Lady_Musgrave,-23.90767048,152.3866346,4.2,Aspat_1603
ECT1,Aken,Moore,-16.84614069,146.2324395,4.2,Aken_1067
ECT1,Aken,Lizard,-14.645887,145.4556225,4.2,Aken_42_Lizard
ECT1,Aken,Hicks,-14.47495501,145.5027092,4.2,Aken_1383
ECT1,Aken,Hicks,-14.4753586,145.5020487,4.2,Aken_1468
ECT1,Aken,Myrmidon,-18.27797854,147.378974,4.2,Aken_16
ECT1,Aken,Kelso,-18.423731,146.98549,4.2,Aken_1_Kelso
ECT1,Aken,Kelso,-18.42404737,146.9858108,4.2,Aken_1486
ECT1,Aken,Pelorus,-18.55925652,146.5022638,4.2,Aken_1910
ECT1,Aken,Pelorus,-18.55969079,146.5021845,4.2,Aken_1943
ECT1,Aken,Pelorus,-18.55944042,146.5022716,4.2,Aken_1958
ECT1,Aken,Pelorus,-18.55944637,146.5022736,4.2,Aken_1959
ECT1,Aken,Chicken,-18.67000929,147.706307,4.2,Aken_1873
ECT1,Aken,Chicken,-18.66987417,147.7068563,4.2,Aken_1882
ECT1,Aken,Davies,-18.82662272,147.6266278,4.2,Aken_2021
ECT1,Aken,Davies,-18.82668265,147.6265786,4.2,Aken_2023
ECO03,Ahya,Halfway,-23.201548,150.966419,4.3,KEHW_BA1S
ECO03,Spis,Heron,-23.4561755,151.925688,4.3,CBHE_FL1S
ECO03,Pver,Pelorus,-18.53952,146.49918,4.3,PAPE_FR1S
ECO03,Spis,Lizard_Island,-14.649456,145.492929,4.3,ONLI_FR2S_P3
ECO03,Shys,Lady_Musgrave,-23.900253,152.393555,4.3,CBLM_BA1S_P2
ECO03,Shys,Lady_Musgrave,-23.8962565,152.413664,4.3,CBLM_LA1S_P1
ECO03,Shys,Heron,-23.433991,151.9210255,4.3,CBHE_BA2S_P2
ECO03,Pdam,Middle,-23.162055,150.920875,4.3,KEMD_BA1S_P2
ECO03,Pspe,Moore_Reef,-16.881932,146.1842425,4.3,ONMO_BA2S_P1
ECO03,Pmas,Chicken,-18.66017252,147.702942,4.3,OCCH_BA2S_P1
ECO03,Pmas,Lizard_Island,-14.69823,145.4455835,4.3,ONLI_FL1S_P4
ECT1,Aspat,Chicken,-18.670143,147.707036,4.3,Aspat_1509
ECT1,Aken,Moore,-16.8458257,146.231733,4.3,Aken_1077
ECT1,Aken,Tydeman,-13.97110725,144.5102321,4.3,Aken_14_Tydeman
ECT1,Aken,Tydeman,-13.97100432,144.5097088,4.3,Aken_5_Tydeman
ECT1,Aken,Hicks,-14.47518376,145.5023132,4.3,Aken_1462
ECT1,Aken,Myrmidon,-18.27798609,147.3789681,4.3,Aken_15
ECT1,Aken,Pelorus,-18.55969423,146.502187,4.3,Aken_1944
ECT1,Aken,Davies,-18.82669237,147.6265441,4.3,Aken_2017
ECO03,Spis,Chicken,-18.66016,147.70297,4.4,OCCH_BA2S
ECO03,Spis,Lizard_Island,-14.649439,145.492935,4.4,ONLI_FR2S
ECO03,Pver,Chicken,-18.660365,147.702675,4.4,OCCH_BA2S
ECO03,Shys,Lady_Musgrave,-23.8945,152.403644,4.4,CBLM_BA2S_P4
ECO03,Spis,Lady_Musgrave,-23.89628725,152.4137578,4.4,CBLM_LA1S_P12
ECO03,Pdam,Halfway,-23.2016865,150.9665035,4.4,KEHW_BA1S_P2
ECO03,Pmas,Moore_Reef,-16.847236,146.2173505,4.4,ONMO_BA1S_P3
ECO03,Shys,Little_Broadhurst,-18.949567,147.6928,4.4,OCLB_BA1S_P4
ECO03,Pmas,Moore_Reef,-16.8484175,146.2370605,4.4,ONMO_FL1S_P4
ECT1,Aken,Tydeman,-13.97087876,144.509602,4.4,Aken_3_Tydeman
ECT1,Aken,Pelorus,-18.55939474,146.5022841,4.4,Aken_1934
ECT1,Aken,Pelorus,-18.55961669,146.5021827,4.4,Aken_1941
ECT1,Aken,Pelorus,-18.55944352,146.5022779,4.4,Aken_1960
ECT1,Aken,Chicken,-18.67048664,147.7063112,4.4,Aken_1866
ECT1,Aken,Chicken,-18.67046719,147.7062929,4.4,Aken_1867
ECO03,Ahya,Lady_Musgrave,-23.884903,152.413621,4.5,CBLM_FL1S
ECO03,Pver,Moore_Reef,-16.872041,146.2536145,4.5,ONMO_FR1S
ECO03,Spis,Dungeness,-9.9312,143.00543,4.5,TSDU_FR1S_P2
ECO03,Pdam,Lady_Musgrave,-23.8943095,152.404054,4.5,CBLM_BA2S_P2
ECO03,Shys,Lady_Musgrave,-23.896318,152.4138515,4.5,CBLM_LA1S_P2
ECO03,Shys,Lady_Musgrave,-23.8963465,152.414007,4.5,CBLM_LA1S_P3
ECO03,Pdam,Halfway,-23.2017915,150.9666105,4.5,KEHW_BA1S_P3
ECO03,Pdam,Middle,-23.162169,150.920964,4.5,KEMD_BA1S_P1
ECO03,Pmas,Moore_Reef,-16.8719965,146.253583,4.5,ONMO_FR1S_P3
ECO03,Pmas,Moore_Reef,-16.8471265,146.217468,4.5,ONMO_BA1S_P2
ECO03,Pmas,Pelorus,-18.5396,146.4991715,4.5,PAPE_FR1S_P2
ECO03,Pmas,Little_Broadhurst,-18.9440645,147.699442,4.5,OCLB_FL1S_P1
ECO03,Pmas,Little_Broadhurst,-18.949407,147.692884,4.5,OCLB_BA1S_P3
ECT1,Aken,Tydeman,-13.97086116,144.5096105,4.5,Aken_4_Tydeman
ECT1,Aken,Tydeman,-13.9710236,144.5097404,4.5,Aken_6_Tydeman
ECT1,Aken,MacGillivray,-14.64134811,145.4915453,4.5,Aken_497
ECT1,Aken,Myrmidon,-18.2779767,147.3787863,4.5,Aken_8
ECT1,Aken,Kelso,-18.4243026,146.9864343,4.5,Aken_1815
ECT1,Aken,Pelorus,-18.55920154,146.5023737,4.5,Aken_1924
ECT1,Aken,Pelorus,-18.55916181,146.5024404,4.5,Aken_1926
ECT1,Aken,Pelorus,-18.55943992,146.5022733,4.5,Aken_1936
ECT1,Aken,Chicken,-18.67001826,147.7062945,4.5,Aken_1872
ECT1,Aken,Chicken,-18.67000644,147.7067526,4.5,Aken_1887
ECT1,Aken,Chicken,-18.67010778,147.7067678,4.5,Aken_1891
ECO03,Ahya,Lady_Musgrave,-23.894298,152.404406,4.6,CBLM_BA2S
ECO03,Pver,Lizard_Island,-14.691274,145.46938,4.6,ONLI_FR1S
ECO03,Pver,Lizard_Island,-14.649549,145.493068,4.6,ONLI_FR2S_P2
ECO03,Spis,Lady_Musgrave,-23.916998,152.3926315,4.6,CBLM_FL2S_P4
ECO03,Shys,Heron,-23.4561805,151.925674,4.6,CBHE_FL1S_P3
ECO03,Pmas,Moore_Reef,-16.8721375,146.253599,4.6,ONMO_FR1S_P2
ECO03,Pmas,Moore_Reef,-16.87181,146.253624,4.6,ONMO_FR1S_P4
ECO03,Pmas,Chicken,-18.66027,147.70274,4.6,OCCH_BA2S_P2
ECO03,Pmas,Chicken,-18.66045,147.70259,4.6,OCCH_BA2S_P3
ECO03,Shys,Little_Broadhurst,-18.944012,147.699129,4.6,OCLB_FL1S_P4
ECT1,Ahya,Moore,-16.84608109,146.2323077,4.6,Ahya_413
ECT1,Aspat,Chicken,-18.670196,147.707095,4.6,Aspat_1508
ECT1,Aken,Moore,-16.84574523,146.2322137,4.6,Aken_1062
ECT1,Aken,Moore,-16.84611445,146.2324581,4.6,Aken_1066
ECT1,Aken,Tydeman,-13.97098496,144.509612,4.6,Aken_1_Tydeman
ECT1,Aken,MacGillivray,-14.64134543,145.4915202,4.6,Aken_498
ECT1,Aken,Hicks,-14.47479819,145.5030107,4.6,Aken_1372
ECT1,Aken,Pelorus,-18.55923238,146.5023721,4.6,Aken_1920
ECT1,Aken,Pelorus,-18.55920967,146.5023961,4.6,Aken_1923
ECT1,Aken,Pelorus,-18.55939709,146.5023489,4.6,Aken_1933
ECT1,Aken,Chicken,-18.66980729,147.7069033,4.6,Aken_1884
ECO03,Ahya,Little_Broadhurst,-18.944082,147.699448,4.7,OCLB_FL1S
ECO03,Pver,Little_Broadhurst,-18.944062,147.699285,4.7,OCLB_FL1S
ECO03,Pver,Lizard_Island,-14.691127,145.469436,4.7,ONLI_FR1S_P4
ECO03,Pver,Lizard_Island,-14.650714,145.450096,4.7,ONLI_BA1S_P1
ECO03,Shys,Lady_Musgrave,-23.900174,152.3936205,4.7,CBLM_BA1S_P1
ECO03,Shys,Davies,-18.8193395,147.6639218,4.7,OCDA_FR1S_P34
ECT1,Aspat,Hicks,-14.474749,145.503085,4.7,Aspat_460
ECT1,Aken,Moore,-16.84580047,146.2316832,4.7,Aken_1076
ECT1,Aken,Tydeman,-13.97090013,144.5095978,4.7,Aken_2_Tydeman
ECT1,Aken,Hicks,-14.47499726,145.5026986,4.7,Aken_1384
ECT1,Aken,Hicks,-14.47535324,145.5020175,4.7,Aken_1469
ECT1,Aken,Hicks,-14.47539045,145.5019646,4.7,Aken_1470
ECT1,Aken,Hicks,-14.47540445,145.5019662,4.7,Aken_1471
ECT1,Aken,Pelorus,-18.55914177,146.5022074,4.7,Aken_1824
ECT1,Aken,Chicken,-18.66999831,147.7062937,4.7,Aken_1874
ECT1,Aken,Davies,-18.826729,147.6266147,4.7,Aken_2025
ECO03,Pver,Heron,-23.428454,151.9524855,4.8,CBHE_BA1S_P2
ECO03,Pver,Lizard_Island,-14.691301,145.4694115,4.8,ONLI_FR1S_P3
ECO03,Pdam,Halfway,-23.2015605,150.966428,4.8,KEHW_BA1S_P1
ECO03,Shys,Davies,-18.80563,147.66845,4.8,OCDA_FL1S_P3
ECO03,Pmas,Chicken,-18.653383,147.7084325,4.8,OCCH_BA1S_P4
ECT1,Ahya,Reef21-550,-21.96286744,152.3072024,4.8,Ahya_17a
ECT1,Aken,Myrmidon,-18.27797284,147.3789485,4.8,Aken_13
ECT1,Aken,Myrmidon,-18.27795331,147.378726,4.8,Aken_9
ECT1,Aken,Kelso,-18.42430042,146.9864359,4.8,Aken_1816
ECT1,Aken,Pelorus,-18.55911973,146.5024784,4.8,Aken_1927
ECO03,Spis,Davies,-18.8192,147.66391,4.9,OCDA_FR1S
ECO03,Spis,Lizard_Island,-14.649595,145.493099,4.9,ONLI_FR2S_P1
ECO03,Shys,Lady_Musgrave,-23.8853215,152.413674,4.9,CBLM_FL1S_P4
ECO03,Pmas,Davies,-18.83192685,147.6524971,4.9,OCDA_FR2S_P1
ECO03,Pmas,Davies,-18.81961901,147.6637135,4.9,OCDA_FR1S_P1
ECT1,Aken,No_Name,-14.65085395,145.6381966,4.9,Aken_1340
ECT1,Aken,Pelorus,-18.5592986,146.5024177,4.9,Aken_1912
ECT1,Aken,Pelorus,-18.5592323,146.5023747,4.9,Aken_1921
ECT1,Aken,Pelorus,-18.55920556,146.5024016,4.9,Aken_1922
ECT1,Aken,Pelorus,-18.55909986,146.502398,4.9,Aken_1929
ECT1,Aken,Pelorus,-18.55949331,146.5022597,4.9,Aken_1937
ECT1,Aken,Chicken,-18.66996101,147.7068039,4.9,Aken_1880
ECT1,Aken,Chicken,-18.66984459,147.7067902,4.9,Aken_1886
ECT1,Aken,Chicken,-18.67039494,147.7068034,4.9,Aken_1972
ECT1,Aken,Chicken,-18.67040148,147.7068001,4.9,Aken_1973
ECT1,Aken,Davies,-18.82517776,147.6269794,4.9,Aken_1982
ECO03,Pver,Heron,-23.4284645,151.9522105,5,CBHE_BA1S_P4
ECO03,Pdam,Lizard_Island,-14.6914335,145.4693475,5,ONLI_FR1S_P2
ECO03,Spis,Lady_Musgrave,-23.917564,152.392285,5,CBLM_FL2S_P2
ECO03,Pmas,Chicken,-18.65208652,147.718515,5,OCCH_FL1S_P2
ECT1,Aken,Tydeman,-13.97109778,144.5103629,5,Aken_16_Tydeman
ECT1,Aken,Hicks,-14.4750121,145.5026657,5,Aken_1459
ECT1,Aken,Myrmidon,-18.27784234,147.3788077,5,Aken_11
ECT1,Aken,Myrmidon,-18.27797921,147.3787955,5,Aken_7
ECT1,Aken,Pelorus,-18.5593882,146.50239,5,Aken_1932
ECT1,Aken,Chicken,-18.67048346,147.7063299,5,Aken_1865
ECT1,Aken,Chicken,-18.6698207,147.7068951,5,Aken_1883
ECT1,Aken,Chicken,-18.67054733,147.7067148,5,Aken_1965
ECT1,Aken,Chicken,-18.67035479,147.7067572,5,Aken_1970
ECO03,Spis,Lady_Musgrave,-23.917571,152.391971,5.1,CBLM_FL2S
ECO03,Pver,Heron,-23.428403,151.952614,5.1,CBHE_BA1S_P1
ECO03,Pmas,Lady_Musgrave,-23.8852145,152.413594,5.1,CBLM_FL1S_P3
ECO03,Pver,Lady_Musgrave,-23.917494,152.392486,5.1,CBLM_FL2S_P3
ECO03,Pmas,Chicken,-18.6531735,147.7085495,5.1,OCCH_BA1S_P2
ECO03,Pmas,Chicken,-18.653342,147.708605,5.1,OCCH_BA1S_P3
ECT1,Aken,Moore,-16.84608562,146.2323827,5.1,Aken_1065
ECT1,Aken,Pelorus,-18.55934755,146.5024037,5.1,Aken_1915
ECT1,Aken,Chicken,-18.67059829,147.7065983,5.1,Aken_1898
ECT1,Aken,Chicken,-18.67061086,147.7066658,5.1,Aken_1900
ECT1,Aken,Chicken,-18.67042922,147.7065433,5.1,Aken_1961
ECT1,Aken,Chicken,-18.67052176,147.7067376,5.1,Aken_1966
ECO03,Ahya,Chicken,-18.653034,147.708676,5.2,OCCH_BA1S
ECO03,Spis,Chicken,-18.6532055,147.708533,5.2,OCCH_BA1S
ECO03,Spis,Davies,-18.80575,147.6686,5.2,OCDA_FL1S
ECO03,Spis,Davies,-18.83125,147.63316,5.2,OCDA_LA2S
ECO03,Pmas,Davies,-18.81938248,147.663904,5.2,OCDA_FR1S_P3
ECO03_BLCH,Spis,Davies,-18.805835,147.66868,5.2,OCDA_FL1S_P1
ECT1,Aken,No_Name,-14.65078865,145.6382049,5.2,Aken_1338
ECT1,Aken,Myrmidon,-18.27786069,147.3788495,5.2,Aken_12
ECT1,Aken,Pelorus,-18.55911772,146.5024799,5.2,Aken_1928
ECT1,Aken,Chicken,-18.67074472,147.7066244,5.2,Aken_1901
ECT1,Aken,Chicken,-18.67043249,147.7066702,5.2,Aken_1903
ECO03,Pver,Heron,-23.47042275,151.9508896,5.3,CBHE_FR2S_P2
ECO03,Spis,Heron,-23.4704876,151.9510498,5.3,CBHE_FR2S_P3
ECO03,Pdam,Heron,-23.4563285,151.9257705,5.3,CBHE_FL1S_P4
ECO03,Shys,Davies,-18.83180971,147.6525841,5.3,OCDA_FR2S_P2
ECT1,Aspat,Kelso,-18.423767,146.985506,5.3,Aspat_949
ECT1,Aken,Moore,-16.84585403,146.2320419,5.3,Aken_1061
ECT1,Aken,Hicks,-14.47490782,145.5028383,5.3,Aken_1385
ECT1,Aken,Chicken,-18.67045563,147.7063281,5.3,Aken_1864
ECT1,Aken,Chicken,-18.67059183,147.7066432,5.3,Aken_1899
ECO03,Pver,Davies,-18.83187,147.6525,5.4,OCDA_FR2S
ECO03,Shys,Davies,-18.80573,147.66856,5.4,OCDA_FL1S_P2
ECO03,Shys,Davies,-18.805575,147.66835,5.4,OCDA_FL1S_P4
ECO03,Pmas,Pelorus,-18.53959533,146.4993701,5.4,PAPE_FR1S_P1
ECT1,Aken,Moore,-16.8457081,146.2323693,5.4,Aken_1081
ECT1,Aken,Hicks,-14.47487832,145.5029119,5.4,Aken_1386
ECT1,Aken,Hicks,-14.47441405,145.5035837,5.4,Aken_1399
ECT1,Aken,Hicks,-14.47454514,145.5034852,5.4,Aken_1452
ECT1,Aken,Hicks,-14.47536732,145.5020581,5.4,Aken_1467
ECT1,Aken,Pelorus,-18.559353,146.5024204,5.4,Aken_1914
ECT1,Aken,Chicken,-18.67084723,147.7065797,5.4,Aken_1902
ECT1,Aken,Chicken,-18.67055152,147.7067028,5.4,Aken_1964
ECO03,Spis,Heron,-23.4703846,151.9507065,5.5,CBHE_FR2S_P1
ECO03,Pmas,Davies,-18.8194875,147.663784,5.5,OCDA_FR1S_P2
ECO03,Pmas,Davies,-18.831285,147.63312,5.5,OCDA_LA2S_P3
ECO03,Pmas,Davies,-18.831215,147.633025,5.5,OCDA_LA2S_P4
ECT1,Ahya,Lady_Musgrave,-23.90711107,152.3869396,5.5,Ahya_105a
ECT1,Aken,Tydeman,-13.97107431,144.5100589,5.5,Aken_10_Tydeman
ECT1,Aken,Hicks,-14.47529716,145.5021579,5.5,Aken_1464
ECT1,Aken,Hicks,-14.47534922,145.5021107,5.5,Aken_1465
ECT1,Aken,Hicks,-14.47535056,145.5021311,5.5,Aken_1466
ECT1,Aken,Hicks,-14.47547595,145.5018357,5.5,Aken_1472
ECT1,Aken,Pelorus,-18.55934688,146.5024284,5.5,Aken_1913
ECT1,Aken,Pelorus,-18.55938133,146.5024063,5.5,Aken_1931
ECT1,Aken,Pelorus,-18.55971375,146.5021954,5.5,Aken_1945
ECT1,Aken,Chicken,-18.67049863,147.7065465,5.5,Aken_1962
ECT1,Aken,Chicken,-18.67041648,147.7067609,5.5,Aken_1967
ECT1,Aken,Chicken,-18.67037365,147.7067122,5.5,Aken_1969
ECO03,Pmas,Davies,-18.831295,147.6331825,5.55,OCDA_LA2S_P23
ECO03,Spis,Lady_Musgrave,-23.8944175,152.403762,5.6,CBLM_BA2S_P3
ECO03,Spis,Lady_Musgrave,-23.9175615,152.392049,5.6,CBLM_FL2S_P1
ECO03,Spis,Heron,-23.47050095,151.9511948,5.6,CBHE_FR2S_P4
ECO03,Pmas,Chicken,-18.652094,147.7186785,5.6,OCCH_FL1S_P1
ECO03,Pmas,Davies,-18.831305,147.633245,5.6,OCDA_LA2S_P2
ECT1,Aken,Chicken,-18.66993989,147.7063448,5.6,Aken_1875
ECT1,Aken,Davies,-18.82661191,147.6266073,5.6,Aken_2020
ECO03,Ahya,Chicken,-18.652112,147.718717,5.7,OCCH_FL1S
ECO03,Spis,Heron,-23.471902,151.977954,5.7,CBHE_FR1S_P4
ECO03,Pver,Chicken,-18.652217,147.7184615,5.7,OCCH_FL1S
ECO03,Pmas,Davies,-18.83163711,147.6527145,5.7,OCDA_FR2S_P3
ECO03,Pmas,Chicken,-18.652288,147.718228,5.7,OCCH_FL1S_P4
ECO03,Shys,Davies,-18.83150833,147.6528006,5.7,OCDA_FR2S_P4
ECT1,Aken,Moore,-16.84583961,146.2325236,5.7,Aken_1083
ECT1,Aken,Moore,-16.84606014,146.2323114,5.7,Aken_1085
ECT1,Aken,Moore,-16.84607984,146.2324584,5.7,Aken_1086
ECT1,Aken,No_Name,-14.65082251,145.6382101,5.7,Aken_1339
ECT1,Aken,Hicks,-14.47458873,145.503382,5.7,Aken_1453
ECT1,Aken,Kelso,-18.42425164,146.986458,5.7,Aken_1393
ECT1,Aken,Chicken,-18.67057859,147.7066071,5.7,Aken_1963
ECT1,Aken,Chicken,-18.67039218,147.7067407,5.7,Aken_1968
ECO03,Pmas,Chicken,-18.653038,147.7086435,5.8,OCCH_BA1S_P1
ECO03,Pmas,Little_Broadhurst,-18.9439165,147.699257,5.8,OCLB_FL1S_P3
ECT1,Aken,Moore,-16.8457278,146.2324599,5.8,Aken_1082
ECT1,Aken,Moore,-16.84605,146.2322977,5.8,Aken_1084
ECT1,Aken,Hicks,-14.47482811,145.5029254,5.8,Aken_1455
ECT1,Aken,Hicks,-14.47525886,145.5022124,5.8,Aken_1463
ECO03,Spis,Heron,-23.4719215,151.9778785,5.9,CBHE_FR1S_P3
ECT1,Aken,Hicks,-14.47449728,145.503495,5.9,Aken_1400
ECT1,Aken,Davies,-18.82517148,147.6270664,5.9,Aken_1983
ECO03,Spis,Heron,-23.471972,151.9777105,6,CBHE_FR1S
ECO03,Spis,Heron,-23.4719785,151.9776975,6.1,CBHE_FR1S_P2
ECO03,Shys,Heron,-23.4720295,151.9775415,6.2,CBHE_FR1S_P1
ECO03,Pmas,Orpheus,-18.5715,146.4954,6.3,PAOR_FL1D_P2
ECO03,Pmas,Chicken,-18.6522605,147.7183575,6.4,OCCH_FL1S_P3
ECT1,Aken,Kelso,-18.4242363,146.9865079,6.6,Aken_1817