Site Name,k_value_GBR1,lat_GBR1,long_GBR1,mean_temp,sd_temp,skew_temp,kurtosis_temp,MaxMonthMean,mean_duration_DHD,MinMonthMean,mean_duration_DCD,mean_daily_temp_range,mean_annual_temp_range,temporal_autocorr_daily,temporal_autocorr_annual,slope_annual_temp_change
1165,5.35,-9.984904,142.910371,27.89857636735723,1.7527253525020605,-0.120381559,1.7286140830219014,30.137399522070417,20,25.56869242019979,43.66666666666667,0.1956142270375724,5.411974142234244,0.9987618061232096,0.13550634244607995,0.08582647
1169,2.35,-9.984904,142.910371,27.910075636886255,1.7560000292589961,-0.118899272,1.7304647936464486,30.15218771451707,19.88888888888889,25.57727565382748,43.66666666666667,0.2312721148637588,5.456917309974543,0.9987107763996219,0.1417912849997514,0.086581803
1145,5.35,-9.934904,142.920371,27.895187628990136,1.7357319900369113,-0.126215316,1.7420965495451384,30.089984589728797,20.11111111111111,25.602371677854585,38.888888888888886,0.2729503562090281,5.475181414534695,0.9975746127356485,0.15030117037805119,0.088340211
1146,2.35,-9.934904,142.920371,27.922373707878087,1.7418031828396578,-0.124431173,1.7476300795609887,30.12299242,20,25.624004916125042,39.111111111111114,0.3306245175959758,5.558031549909355,0.9974924585651154,0.15978712132150202,0.089575132
1154,5.35,-10.034904,142.925371,27.855761978744702,1.7451954574179322,-0.121253376,1.724343050402141,30.079385802456578,18.666666666666668,25.529570999475812,40,0.16903364501717041,5.317594310599532,0.9990602695309203,0.13946374818479113,0.084466171
2561,5.35,-9.879904,142.925371,27.903860138875803,1.727394010897314,-0.134187051,1.7307542803606404,30.088509684010425,21.77777777777778,25.607352638833593,44.111111111111114,0.22183620166400908,5.311667561095408,0.998702085,0.1533319781894836,0.08883028
1175,5.35,-9.879904,142.935371,27.899196093290453,1.7252178122551436,-0.137051363,1.7302164479819524,30.075629700805816,21.88888888888889,25.60249881959523,44.111111111111114,0.22912028901346712,5.299026657107789,0.9986849858151045,0.15664111359582736,0.088795149
1128,5.35,-9.929904,143.005371,27.86553931509838,1.7134567636491926,-0.144443211,1.7319500429533965,30.00557444198051,22.77777777777778,25.575774345946805,40.44444444444444,0.4046247441603469,5.330421023236878,0.9985211267825477,0.16961222271269338,0.087233957
169,5.35,-9.874904,143.390371,27.67438087637786,1.5574076012341649,-0.171389891,1.7510066417358634,29.598152097621725,27.22222222222222,25.580752573439323,41.888888888888886,0.14333408498475284,4.621821296840139,0.9991376711791594,0.16790660002085328,0.085886666
2512,5.35,-9.869904,143.390371,27.677082034303996,1.5569551569429445,-0.171843094,1.752166494985592,29.599110204512066,26.666666666666664,25.583692000718283,41.77777777777778,0.14113969215747837,4.624274769084951,0.9991264403556708,0.16805565544795018,0.085935214
2526,5.35,-9.879904,143.395371,27.673576130267506,1.5567656359947655,-0.17201352,1.750242121494883,29.596002733500562,27.333333333333336,25.581031963231126,41.44444444444444,0.13819485585733482,4.608972585314586,0.9991619,0.1685045418100816,0.085957755
1005,5.35,-9.759904,143.400371,27.70536381019943,1.538343845144042,-0.191966192,1.7707042533829431,29.57654663571721,25.11111111111111,25.62456304933019,41.55555555555556,0.15663849007391586,4.5670469630846515,0.9989529337233737,0.16129993294929373,0.086482294
2300,13,-9.749904,143.400371,27.681465052610317,1.5220805065955743,-0.195423218,1.7846163133519974,29.53263004819591,25.333333333333336,25.616409238375425,40.888888888888886,0.12638521216899246,4.508433054345992,0.9991180448714727,0.15339204576122178,0.085209499
2313,5.35,-9.749904,143.400371,27.706751809926846,1.5355702855684175,-0.194922832,1.7733650263034673,29.56943915726488,25.555555555555557,25.628094681064763,40.66666666666667,0.15574213858681202,4.559609184677849,0.9989649553928877,0.1612998634401859,0.086489352
1056,5.35,-9.884904,143.405371,27.67463382850867,1.555360012418294,-0.172982189,1.7502747446822184,29.59320341210096,26.555555555555557,25.584801478011368,41.22222222222222,0.14331073429561728,4.605532656570832,0.9991507702500178,0.17005202353984816,0.086188344
2384,9,-9.884904,143.405371,27.654514773225557,1.5467979275290755,-0.176793861,1.7502353644188615,29.562975609155437,26.77777777777778,25.57198646247489,41.66666666666667,0.10756501773578109,4.556769085393027,0.9993119967256615,0.16544623714056225,0.085314689
2388,13,-9.884904,143.405371,27.645464636714255,1.5439354721275154,-0.175760707,1.7517233366200902,29.551114562807864,27,25.565165492966486,41.66666666666667,0.096100639,4.549763074592694,0.9993709428661541,0.16254424120458535,0.084737464
1064,5.35,-9.879904,143.410371,27.676448740270104,1.5543808296980473,-0.174797157,1.7505030587052204,29.59071378,26.77777777777778,25.586725164396956,41.22222222222222,0.1433348255373299,4.599897108066225,0.999176006,0.1694666402692078,0.086242795
1023,5.35,-9.744904,143.415371,27.705410735441145,1.5250444020948966,-0.200775563,1.7807059336094022,29.54867655662035,26,25.639416334874454,40.44444444444444,0.15794967144564956,4.542837166962497,0.9989427282171461,0.16147975938039003,0.086635169
2327,13,-9.744904,143.415371,27.68741061899633,1.5181061931039732,-0.19836683,1.7869108888776246,29.52888204630112,25.666666666666664,25.628627493286352,40.66666666666667,0.13308054790314594,4.508339436556447,0.9990567171336253,0.15514840468729435,0.085502793
2336,9,-9.744904,143.415371,27.691180247932834,1.519277100735442,-0.199714413,1.7859265878117496,29.532427126181947,25.666666666666664,25.63154549674236,40.44444444444444,0.13782648346659945,4.519733223340155,0.9990431176984618,0.1561750121932463,0.085782472
2356,9,-9.764904,143.415371,27.685516381941063,1.5238758853936674,-0.196514246,1.7797587576830693,29.540541658918034,25.77777777777778,25.620691462311616,40.55555555555556,0.12242716935752954,4.525134476,0.9990981173749015,0.15587012263244548,0.085594147
1041,5.35,-9.759904,143.420371,27.704818318662596,1.5278790919815586,-0.199415585,1.7771327419454257,29.556707690322558,24.555555555555557,25.635982758658212,40.66666666666667,0.14709076182564526,4.543693288,0.9989580564588919,0.16185387196079903,0.086616922
1000,5.35,-9.734904,143.435371,27.70262899917923,1.514636146244705,-0.207297418,1.787411585861775,29.530977887047108,25.555555555555557,25.64953192564845,40.22222222222222,0.1565847185944339,4.523732883245077,0.9989040664397714,0.16064749961583208,0.086561211
1022,13,-9.744904,143.460371,27.688918403267852,1.507767863,-0.208031531,1.789889012206997,29.512203523123524,26.333333333333336,25.643132150678575,40.111111111111114,0.13193742904572822,4.475420585282127,0.9991011919812971,0.15392040809031052,0.085593113
2476,5.35,-9.749904,143.460371,27.709356858515388,1.5203562022370738,-0.20729088,1.7794763659956188,29.54390526012766,26.333333333333336,25.649437338069003,40.33333333333333,0.15068587926788776,4.534963350438668,0.9989471234621252,0.1612102689755045,0.086618333
Ahya_10_Tydeman,0.5,-13.969904,144.500371,27.471137306411098,1.9023874555167264,0.1418988260965507,1.809233927820509,29.971031497204685,15.11111111111111,25.12963167380681,30.11111111111111,0.6179823928576507,6.581713249396687,0.9945752650949637,0.2409727514564235,0.080564613
Ahya_11_Tydeman,2.35,-13.969904,144.500371,27.391976358583182,1.834437554827598,0.093559604,1.7421135964350656,29.786171399548014,16.444444444444443,25.110341852233123,34.22222222222222,0.3554672989411401,6.044064420311394,0.997229153,0.24592680630343214,0.078091057
Ahya_1_Tydeman,5.35,-13.969904,144.500371,27.310888657625792,1.7676863848968583,0.039732451,1.686618278084718,29.575853914862442,20.666666666666664,25.08536973186404,35.22222222222222,0.22294219286545056,5.540535279383994,0.9980285282887023,0.25413882667460824,0.075937987
Ahya_4_Tydeman,0.5,-13.969904,144.505371,27.472711441189247,1.899670188118424,0.14039456989297847,1.8095846431361828,29.967278673520735,15.11111111111111,25.134768604135147,26.666666666666664,0.6207586452940334,6.583216720173593,0.9945126719225063,0.24055885908340885,0.080430792
Aken_10_Tydeman,9,-13.969904,144.510371,27.237439174135055,1.7114686759475175,-0.001026188,1.6673969837268974,29.395898875011813,19.11111111111111,25.065692069094602,34.888888888888886,0.19434347685881503,5.2882507217233155,0.9977830408111833,0.268320924,0.075202653
Aken_11_Tydeman,5.35,-13.969904,144.510371,27.30109379466902,1.769893261964499,0.039877605,1.6857442741759192,29.568546226752726,20.11111111111111,25.07712507220341,34.33333333333333,0.21849437553277992,5.570810155699372,0.9979125646832392,0.2604741625957837,0.076238962
Aken_7_Tydeman,2.35,-13.969904,144.510371,27.381451635499023,1.835277496885692,0.093106274,1.7419889887528737,29.77669203788228,16.333333333333332,25.10299007538718,34.33333333333333,0.3442149915302572,6.060233223201325,0.9971413333559314,0.250511925,0.078011477
Aken_1243,5.35,-14.779904,145.355371,27.01354236438232,2.0909003390141234,-0.10563607,1.6969293870847955,29.647498939287278,16.88888888888889,24.070440878794507,21.88888888888889,0.2249187767858391,6.768619607545781,0.997818819,0.3319991209277332,0.07203513
Aken_1244,2.35,-14.779904,145.355371,27.110709956431805,2.1510255068130166,-0.079476554,1.7143388697080078,29.840561923604454,15.88888888888889,24.099180386722352,21.22222222222222,0.4366577764106607,7.142458496697435,0.9971302545328201,0.3260674919190568,0.073424825
Ahya_1283,2.35,-14.779904,145.360371,27.11606614937151,2.1518638550474654,-0.07744447,1.7160602800745193,29.84702231311236,15.777777777777779,24.105957664774838,21.22222222222222,0.43147415801654987,7.173637444,0.99708051483926885,0.326171566,0.073583073
Ahya_1285,5.35,-14.779904,145.360371,27.02169480787054,2.0916571621277873,-0.104718846,1.6988322478088609,29.655578772648063,16.88888888888889,24.078705989046366,22,0.2296197176669486,6.8020322794274755,0.997766595,0.3318433887400191,0.072309931
Ahya_1296,0.5,-14.779904,145.360371,27.198197296305562,2.2134345910150865,-0.046891241,1.7451912488161319,30.01731820417112,15,24.12249620816048,21.22222222222222,0.7141273285131942,7.578502555434576,0.9950695754256768,0.31984645237859616,0.074925474
2264,2.35,-14.669904,145.440371,27.10461958838498,1.985526764088463,-0.018859991,1.729647765295146,29.671267423906116,15,24.455953156334193,23.22222222222222,0.3579992013022077,6.605052651102383,0.9969662509774564,0.28692772801110716,0.075313677
2269,5.35,-14.669904,145.440371,27.01776590508018,1.9313523182919545,-0.053797028,1.6965430618828443,29.488637630286494,17,24.427192844009575,25.77777777777778,0.20389677305497766,6.0920314676320055,0.9979313334459321,0.28748713897617906,0.0738618
2286,5.35,-14.699904,145.445371,27.038923712233338,1.9370152810965482,-0.054721598,1.6934292838936644,29.521105395950148,17.555555555555557,24.440304424013753,23.11111111111111,0.2113540896224202,6.120897189091792,0.9980712797188774,0.2987853601849714,0.0744904
2253,5.35,-14.649904,145.450371,27.066211592478382,1.9307917182366332,-0.045946391,1.7112968314838437,29.535822125750077,17.666666666666668,24.477814323677695,21.77777777777778,0.19799071233674273,6.241125599947612,0.9975548770741496,0.27625244923702696,0.073735564
Ahya_1b,0.5,-14.429904,145.450371,27.33442368505335,1.808833646882463,0.081802064,1.8635869854927878,29.68264014633051,14,25.040688373451218,21,0.6749789384514174,6.4296785026787004,0.9919372159237748,0.24957770850511846,0.08247097
Ahya_3b,2.35,-14.429904,145.450371,27.254088010982322,1.738675188891223,0.026553328920701676,1.7869798958147278,29.507074628384686,16,25.026311662696852,22.77777777777778,0.42396026153220606,5.893642172307288,0.9959504265751461,0.2506258593408451,0.079953115
Ahya_10_Lizard,0.5,-14.644904,145.455371,27.299086278640193,2.0578644927367353,0.022117769310461118,1.7976005766266276,29.962450616585485,14.666666666666666,24.57102376632031,21.666666666666664,0.7763011444624769,7.2147873671534555,0.9934636249610139,0.27880270524167805,0.07846832
Ahya_17_Lizard,2.35,-14.644904,145.455371,27.181706599335904,1.979373976257812,-0.017700745,1.7493843107022113,29.73080819600452,15.555555555555555,24.538767948202103,21.666666666666664,0.3705485553951778,6.686630721779466,0.9965523244458749,0.27932565160019956,0.075805797
Aken_18_Lizard,5.35,-14.644904,145.455371,27.09293058506063,1.922519912368147,-0.05035154,1.7142431943263425,29.55535947186149,17.333333333333332,24.513641871323944,21.88888888888889,0.21652818444003483,6.217011006866371,0.9976118878189562,0.2822333139999099,0.07442219
2241,5.35,-14.689904,145.465371,27.056629373006366,1.9042303288350604,-0.061326735,1.7118593387451966,29.49905876495382,16.444444444444443,24.494371077303505,24,0.252027511,6.146485645,0.9972286699458137,0.3119654607437587,0.077536077
436,5.35,-14.689904,145.470371,27.06158554660014,1.901650066664714,-0.057929022,1.7256206259613156,29.499756353313703,16.22222222222222,24.501953847477406,23.88888888888889,0.27604658387473974,6.268660393188974,0.9962350818717625,0.3184466542211035,0.078586682
821,5.35,-14.649904,145.490371,27.095126176274942,1.8895420435070074,-0.052547388,1.7176789970249249,29.51842341120952,17.444444444444443,24.569208538171615,22.22222222222222,0.2278637327284371,6.091575079994461,0.9976037680914922,0.28010908592731515,0.075967641
Aken_489,2.35,-14.639904,145.490371,27.169459833806613,1.934668915265982,-0.01926533,1.7491202401610206,29.665948685441695,15.555555555555555,24.59964765513081,21.22222222222222,0.3581455848310394,6.517756144329166,0.9965533917838575,0.2737530454103316,0.077003025
Aken_490,0.5,-14.639904,145.490371,27.25412815951468,2.008245963515354,0.02688053,1.8036694931204367,29.859594610660924,14.555555555555555,24.607618385657247,21.555555555555557,0.6385919431257989,7.041704884695962,0.9932610307531973,0.2713853166015833,0.079346535
Aken_496,5.35,-14.639904,145.490371,27.094983871819448,1.8811237072375453,-0.051775494,1.7167899704246294,29.50823988428209,17.555555555555557,24.584571808703334,21.77777777777778,0.22093893287905877,6.043355983658881,0.9976903933474195,0.2759703097875414,0.075656335
2276,5.35,-14.649904,145.495371,27.094289712208127,1.881449515648355,-0.051609863,1.717135694214885,29.507698736057083,17.555555555555557,24.58340994098716,21.88888888888889,0.2224017703771804,6.0490599051260014,0.9976539496000874,0.2763587611156154,0.075919934
Ahya_35b,5.35,-14.474904,145.500371,27.139554500994404,1.6908871622084398,-0.010634694,1.7410449099543368,29.32753129661925,16.88888888888889,24.944103821241985,25.77777777777778,0.23205304900838902,5.455150889922475,0.9973268080944946,0.24611762495281317,0.078780938
Ahya_37b,2.35,-14.474904,145.500371,27.21293163809204,1.7467631322927821,0.031324165,1.790876714960535,29.484394600809427,15.666666666666666,24.96385248741404,25.77777777777778,0.3604335512668294,5.908332999748698,0.996403729,0.2350145044131322,0.078619273
Aken_1463,9,-14.474904,145.500371,27.066612812586484,1.6335468306657945,-0.045353783,1.7163474699572956,29.184645412616263,18.22222222222222,24.929272412113193,25.11111111111111,0.20242261777748158,5.150107315860209,0.9978846922515663,0.27052518391836894,0.080989325
Ahya_10b,2.35,-14.474904,145.505371,27.21596956697925,1.7366884380734826,0.032205918,1.7908955479557942,29.475931106632736,16.88888888888889,24.984217843352496,25.666666666666664,0.3473223728148618,5.864389682482305,0.99649979,0.2327521395714746,0.078330608
Ahya_12b,5.35,-14.474904,145.505371,27.145711385199718,1.6815786757368032,-0.009892824,1.7407094335886193,29.32311383757872,17.333333333333332,24.96679032,26,0.2335702243538884,5.415834898,0.9973946441937972,0.2458996244122408,0.078842692
Aken_1386,9,-14.474904,145.505371,27.077915592570513,1.6266638893628869,-0.043089246,1.7174834785958817,29.18762293753179,18.666666666666668,24.95494685701454,25.88888888888889,0.2070135328678754,5.133947374925053,0.9978687458237202,0.26987105575911646,0.080970356
Ahya_44b,0.5,-14.739904,145.510371,27.254950533031327,2.019251585744872,0.033224743,1.8036409506417523,29.87563334867081,14.666666666666666,24.599171914149714,21.666666666666664,0.6439662340968384,7.015037658924883,0.9934245614785299,0.27122416849343367,0.07988581
Ahya_45b,0.5,-14.744904,145.510371,27.25478969781078,2.0211863786432076,0.032047334614071284,1.800370802495572,29.876664105157573,14.222222222222221,24.596277057166724,21.666666666666664,0.6414863081461569,7.003046075825478,0.9934709496291922,0.27157840022281493,0.079735543
Ahya_47b,2.35,-14.744904,145.510371,27.171942861982807,1.9503224456411232,-0.012844425,1.7469454238507804,29.690586308673673,15.777777777777779,24.587160388608854,21.77777777777778,0.35386154814706544,6.569826755955311,0.9966611073262591,0.2737482773220359,0.077375516
Ahya_79b,2.35,-14.739904,145.510371,27.172301849820258,1.9483668957266234,-0.011816848,1.7494569374088376,29.68990938256429,15.777777777777779,24.59045113585386,21.88888888888889,0.35562253587533854,6.565040898420699,0.9966211761396492,0.2733604233430955,0.077543082
Aken_1449,5.35,-14.744904,145.510371,27.098065944096486,1.8991277593305482,-0.044002688,1.712881459965639,29.52659323248433,16.22222222222222,24.57050252990508,23.333333333333336,0.20802835873430414,6.068871648965769,0.9978316133141675,0.2765683816686113,0.075869942
Ahya_61b,2.35,-14.744904,145.515371,27.173206688519905,1.9444841829593698,-0.012791995,1.7487824933543903,29.683961042583686,15.555555555555555,24.59681246426695,21.88888888888889,0.3547881478957509,6.552716351,0.9966509859110843,0.2719888884419965,0.077387632
Ahya_63,0.5,-14.744904,145.515371,27.255886529052656,2.015282099156913,0.032491802,1.8027969610844607,29.870078855052558,12.666666666666666,24.605819434901385,21.666666666666664,0.641667747,6.990976103293504,0.9934249129520178,0.2695388905547297,0.079694823
Ahya_100b,0.5,-14.649904,145.640371,27.317104481069588,1.7989370686518034,0.092466913,1.8712486440438452,29.684752316055405,14.333333333333334,25.020709236195582,19.88888888888889,0.688868182,6.37627932,0.9928132458983296,0.2285768317584689,0.080655229
Ahya_102b,2.35,-14.649904,145.640371,27.226410314975755,1.7273938479626347,0.03949378,1.794148605880683,29.493041100459166,17.11111111111111,25.00095265709897,24.444444444444443,0.39246641109910807,5.8356573574210895,0.9962958125285881,0.22803655969576303,0.078615665
Aken_1309,5.35,-14.649904,145.640371,27.141161711575315,1.6727137358316921,4.858064466212717e-4,1.7419976526725187,29.311990699993725,18.88888888888889,24.97225065749703,30.22222222222222,0.24691182859872207,5.351647940629202,0.9973887758471245,0.23687170330723092,0.079000159
Aken_1339,9,-14.649904,145.640371,27.053538608070088,1.621150096231206,-0.033210584,1.7091899424939474,29.16647392818747,18.444444444444443,24.937950521971942,31.77777777777778,0.2004748253381209,5.059367068826052,0.9981565134026946,0.2624730949220442,0.081370364
Ahya_268,0.5,-16.039904,145.650371,27.306445861481304,2.1185191758544444,0.022456693536995555,1.819288734273703,30.033637215223848,16.333333333333332,24.432059820140136,21.77777777777778,0.6569846485030671,7.454491622039614,0.993711921,0.28059800289769377,0.065761358
Ahya_287,2.35,-16.039904,145.650371,27.234743492463124,2.0590085592248717,-0.008561043,1.7807258100441339,29.87718909863314,16.666666666666668,24.428116402351993,21.88888888888889,0.4189103696868596,7.058303860184441,0.9957541259240149,0.2919843434991622,0.065417446
Ahya_255,0.5,-16.074904,145.840371,27.348302091947332,1.948144105,0.04878347,1.8634710207969625,29.884047201282097,17.666666666666668,24.770208664703098,20.77777777777778,0.6250457036553314,6.907882844148991,0.994061168,0.24198330895631442,0.064981998
Ahya_161b,0.5,-16.074904,145.845371,27.346664841826207,1.9441531239022916,0.047876736,1.860875445426078,29.87580371583163,17.666666666666668,24.773013399730875,20.22222222222222,0.6275025079526912,6.878044400767658,0.9942755784864082,0.24321763068228905,0.065166768
Ahya_174,2.35,-16.074904,145.845371,27.270948507353975,1.8880036622472405,0.014480549280301333,1.8123386917303153,29.72613094500463,19,24.757391593683806,20.77777777777778,0.37953351671048247,6.454430848395684,0.9963680848633957,0.2528449468141186,0.065143286
Aken_1180,5.35,-16.074904,145.845371,27.155011313323506,1.8101899343893455,-0.031739222,1.755627363658895,29.48020903125805,21.88888888888889,24.727428515964927,23.555555555555557,0.21732076364718164,5.895829485,0.9977358426510361,0.2423694299276538,0.064597944
Aspat_833,0.5,-16.939904,145.980371,27.313652038060972,2.383018131529152,-0.160328313,1.7321146386847648,30.173668613824603,16.333333333333332,23.740785157114956,22.22222222222222,0.6179844251224683,8.194673903150179,0.995374477,0.3527853116789437,0.054410933
Aspat_835,2.35,-16.939904,145.980371,27.26433608566979,2.3476029354441645,-0.17027814,1.7251695712001265,30.09247676131969,16.88888888888889,23.73709588532911,22.22222222222222,0.47813876628471286,7.929165833480477,0.9963044491554277,0.3659492429598295,0.053894227
Aken_1001,2.35,-16.939904,145.985371,27.25673140335008,2.333309417090241,-0.166586533,1.7289049440634923,30.08381188056794,17,23.756709524446673,22.333333333333336,0.48452663813707414,7.904191568823297,0.9963958159707376,0.37122493001946383,0.054210788266847686
Aken_1006,0.5,-16.939904,145.985371,27.310085848551076,2.3705265663771833,-0.158942243,1.733854666195855,30.170146774372625,15.333333333333334,23.76082007449695,22.22222222222222,0.6251618321445214,8.167083146617198,0.9954715884664973,0.35603134134725273,0.054653445
Aken_1032,5.35,-16.939904,145.985371,27.046814301827652,2.224084210522847,-0.163878335,1.726215800261412,29.796613919094227,17.666666666666668,23.710205561802326,23,0.2980677573117614,7.435568756096632,0.996466293,0.42173351148731547,0.050223936
Ahya_368,5.35,-16.944904,145.990371,27.01160871188506,2.195548026863325,-0.1146161,1.741391157439648,29.771314533983777,17.666666666666668,23.768723231646124,23.11111111111111,0.38721447119257885,7.450845901530808,0.9933706888026272,0.4557035004344688,0.052160083
Ahya_370,2.35,-16.944904,145.990371,27.235569646595476,2.297736112673134,-0.145318484,1.7431622012652925,30.06222860889655,16.444444444444443,23.81344984676964,22.333333333333336,0.5557087380427811,7.883673273078451,0.9953327606725061,0.3880687844586778,0.054971661
Ahya_361,2.35,-16.939904,145.995371,27.212998359946283,2.2801148375289513,-0.140061086,1.7415057569396268,30.026442170498427,16.22222222222222,23.82886588147702,23.22222222222222,0.5434790327167774,7.828602204,0.994812853,0.3909768291309062,0.054898076
Ahya_365,0.5,-16.939904,145.995371,27.28745382982422,2.3240591037825586,-0.149150943,1.7402509948365927,30.13242123521281,14.88888888888889,23.83287837026755,22.22222222222222,0.6772786296962935,8.069839028288728,0.9949047107592842,0.36467075287834966,0.055210513
1566,9,-16.879904,146.185371,27.058202329673236,1.9314960373946575,-0.055922977,1.7307108276798266,29.55145691006113,24.22222222222222,24.385762875725337,20.555555555555557,0.18661668600891237,6.350160178081966,0.9978623754835648,0.2938497502124073,0.05443693
1588,5.35,-16.879904,146.185371,27.182556479524514,2.0049936088051026,-0.035025225,1.759613330935327,29.78767560253751,19.77777777777778,24.407195209120122,20.333333333333336,0.24095339594491044,6.730624475467505,0.9972383498419752,0.27410253681591856,0.055971281
Aken_1069,2.35,-16.884904,146.185371,27.30253356664378,2.0746350427815217,-0.014462768,1.7870317552755501,29.996473361087602,19,24.429795047337695,21,0.4293102273289935,7.108341877508817,0.9959657112712725,0.27782908432080505,0.057191478
Aken_1073,2.35,-16.889904,146.185371,27.302953007018033,2.076785532587137,-0.017719619,1.7848506551986336,29.99578317045715,19,24.423205639275416,20.444444444444443,0.43100757280179386,7.117219534661078,0.9959303801673799,0.2787912211844579,0.057123597
Aken_1095,5.35,-16.884904,146.185371,27.181986373779395,2.0061789440683575,-0.036354062,1.757138818511425,29.78757973094735,20,24.40398723434479,20.444444444444443,0.23759675496577487,6.723640725075021,0.9972861595280317,0.2749907105833184,0.056019485199589304
Aspat_852,0.5,-16.889904,146.185371,27.336353447027374,2.104097037,-0.008196702,1.7961788347623713,30.05254609016319,17.333333333333332,24.42124694641846,20.444444444444443,0.546865677,7.259792939588274,0.9949089904959795,0.2771076880018824,0.05752073
Aspat_874,0.5,-16.884904,146.185371,27.336569595657256,2.102189093515478,-0.00522239,1.798397953884808,30.054005534732948,17.333333333333332,24.42783359806042,20.77777777777778,0.5482169356151623,7.2492349841608625,0.9949506148752733,0.27616663691181165,0.057561761
1663,13,-16.844904,146.215371,26.99124460659383,1.821836666,-0.064433048,1.7225987637130808,29.30388301176297,22,24.47569945372187,20.333333333333336,0.20252876645474285,5.843906469637945,0.9978114246375326,0.310236713,0.054609834
1678,9,-16.844904,146.215371,27.126358688193502,1.9055107601117791,-0.039696854,1.7527620665733403,29.595339392511338,22.22222222222222,24.49694229077393,19.666666666666664,0.2098108880164682,6.263592594421875,0.9977586637342142,0.275212757,0.055626710818269795
1686,5.35,-16.844904,146.215371,27.238546889055186,1.9747940041292364,-0.013849434,1.7828484372358595,29.81299057085947,19.77777777777778,24.523725268999385,19.555555555555557,0.24926825654698215,6.638597693,0.9970050394328307,0.26272248244802393,0.057321472
1614,13,-16.859904,146.225371,26.932186273860523,1.815058416387033,-0.056609779,1.7138287509572063,29.247513992877803,19.333333333333336,24.43582742366278,25.22222222222222,0.19437678996658245,5.790416423,0.9975107110852779,0.3198219262399872,0.054030082788519916
1635,5.35,-16.859904,146.225371,27.192874892232457,1.9748470937242262,-0.018204567,1.769175833278509,29.76494881413584,20.11111111111111,24.477055073299155,20.555555555555557,0.24584209883248156,6.6175811909067255,0.9972683464413357,0.26797281181749566,0.056858505
Ahya_375,2.35,-16.844904,146.230371,27.345172155561567,2.0224258119331804,0.009617147,1.813847365432065,29.985379770336145,20.555555555555557,24.57247573626225,19.88888888888889,0.413709561,6.968310170184582,0.9961017127042523,0.2664902070137555,0.058806962560550055
Ahya_384,0.5,-16.844904,146.230371,27.383696146514236,2.0504043398751857,0.018912625446741462,1.8269985579951555,30.05585228655527,19.11111111111111,24.57351850307485,19.88888888888889,0.5381443246666046,7.1079064669519765,0.9950860453853885,0.26408824067283365,0.059149014541319246
Ahya_401,5.35,-16.844904,146.230371,27.23295611095724,1.9614441931910513,-0.013012508,1.783559636362287,29.79052975148442,20.11111111111111,24.537776583361378,19.444444444444443,0.255294122,6.5807423253409185,0.9970851505813416,0.26325289437129157,0.05760108
Aken_1081,9,-16.844904,146.230371,27.110757086667604,1.884717367566558,-0.039829295,1.7502801481941974,29.547362583850372,22.88888888888889,24.511804098874777,19.77777777777778,0.22905574628138997,6.1725938729262095,0.9975046447883814,0.27810503100439676,0.055820515622336656
2232,13,-16.849904,146.235371,26.95452434107434,1.797937076,-0.051467649,1.728302939034939,29.25281142629736,17.666666666666668,24.48358787813317,23.77777777777778,0.22168190666392537,5.857907315875668,0.9963998290365224,0.31844118731250143,0.054694283
2236,5.35,-16.849904,146.235371,27.218708376146548,1.9583283683401724,-0.016672831,1.7784737255847458,29.76840454578457,20.22222222222222,24.525266852651924,20.22222222222222,0.25902878639850835,6.554788150602532,0.9971286557635176,0.2649335591707465,0.057329931745807784
1500,5.35,-16.884904,146.245371,27.215361551055295,1.9704434832117388,-0.03323956,1.7595854097407384,29.774661378811086,20.22222222222222,24.488405425773202,20.444444444444443,0.2672645076786207,6.533245267,0.9976228050207168,0.2802395224536433,0.056790106
347,13,-16.884904,146.245371,26.965318350022255,1.8093702508670053,-0.074096823,1.7335756176610888,29.266829017409673,21,24.446055003212088,21,0.20138816462418557,5.8446290329819535,0.9977839029276143,0.3212605317389693,0.052404612
1529,5.35,-16.869904,146.255371,27.228410602296826,1.9542886323623032,-0.031522301,1.7650894631292515,29.758473034864792,20.555555555555557,24.527867297430557,20.333333333333336,0.2794677792601907,6.5022163310836785,0.9972928912079314,0.2752337937208439,0.057540671
1541,13,-16.869904,146.255371,26.99853264623352,1.8024974164012992,-0.062861034,1.7451272850493496,29.29682504191323,16.666666666666668,24.498403123390332,20.77777777777778,0.22132827257432286,5.878141251101628,0.9963142076916217,0.31793278028324673,0.054300884681652284
Aken_21_Orpheus,0.5,-18.564904,146.485371,27.16660507,2.4435019730799317,-0.101002857,1.7318102288270447,30.253215915350737,17,23.523335563570026,16.555555555555557,0.6371079145035938,8.324402799773756,0.9969555500219469,0.34200447748691126,0.024692998139102727
Aken_29_Orpheus,2.35,-18.564904,146.485371,27.143333425741552,2.434986508578738,-0.096276303,1.7261112192839756,30.212820379275158,17.88888888888889,23.520119956474232,17.22222222222222,0.5560463023416857,8.256957643972665,0.9973325103287766,0.34533448528393085,0.025011444
2033,9,-18.549904,146.490371,26.821332933190995,2.315246492582331,-0.116824453,1.6541564409223795,29.64830873009011,24.11111111111111,23.390625868827886,20.333333333333336,0.2245115798939372,7.438974118670181,0.9979390521737833,0.3564580231686795,0.019541705
2038,13,-18.549904,146.490371,26.686543401500877,2.254286627739205,-0.109312441,1.6571142607210054,29.439801992865814,22.77777777777778,23.357535700364316,21.666666666666668,0.1754892905109164,7.215064544048417,0.9977380727153337,0.3737799266151727,0.014811431671013859
2049,5.35,-18.549904,146.490371,26.992668986935616,2.3850712100146616,-0.107130339,1.6943224496925602,29.962634869337062,19,23.44792255171836,19.88888888888889,0.29134748542781047,7.911014018959446,0.9977271128643161,0.3463915701892443,0.025211338486178167
2065,2.35,-18.549904,146.490371,27.147015870413412,2.428561742802589,-0.099345696,1.727809999752019,30.203485358039625,17.333333333333332,23.53321164012588,18.88888888888889,0.5277478709983773,8.256850445162552,0.9971314710601417,0.3497683602230883,0.027868417
2069,2.35,-18.539904,146.490371,27.154778783987688,2.4204168028980666,-0.098022614,1.7322311107255193,30.199080716760665,17.666666666666668,23.553945758369256,19.333333333333332,0.5411112422332487,8.243929080094787,0.9970652531336192,0.355802783,0.029050639
2078,5.35,-18.539904,146.490371,27.00932112,2.377782895411977,-0.105018863,1.7007761545677724,29.968705569793393,19,23.476903804017255,19.77777777777778,0.31978791522647515,7.909771501,0.9975907053102621,0.3505685383273523,0.026307034855897846
565,13,-18.539904,146.490371,26.690520701947406,2.2453590539770936,-0.107057636,1.6597750215659963,29.432460418827738,21.666666666666668,23.379077341026964,22.333333333333336,0.1956633873743279,7.236323912403589,0.997393531,0.3827017432118566,0.016533222003444946
Aken_10_Orpheus,2.35,-18.569904,146.490371,27.15811477770489,2.413089290818737,-0.089971799,1.7352670158249976,30.192451053132096,15.777777777777779,23.56842573154514,17.555555555555557,0.5544211396053474,8.224900961,0.9972464751993388,0.3534944133107822,0.024516099
Aken_11_Orpheus,0.5,-18.569904,146.490371,27.183889297512685,2.4247317032893463,-0.097114389,1.738603786049936,30.237251312179225,17.22222222222222,23.568492440283286,17.444444444444443,0.6320362246843096,8.297019596400006,0.9969618085695112,0.3518630332996555,0.024858102856180717
Aken_20_Orpheus,0.5,-18.564904,146.490371,27.17307353719548,2.4346218272214246,-0.099468573,1.733943276332085,30.244413508706735,16.88888888888889,23.542861384152413,17.444444444444443,0.633672776,8.308014478428177,0.9970000112964821,0.34648095460221723,0.024724671590380692
1999,9,-18.569904,146.495371,26.807721485429195,2.300907873155996,-0.084665918,1.6686729244976075,29.661724645170896,17.88888888888889,23.424779070787338,17.555555555555557,0.22788302487761083,7.571791029470261,0.9960914487292023,0.3761310799847087,0.015358814
2015,5.35,-18.569904,146.495371,26.97098556131962,2.352457522906892,-0.070918723,1.7106738042707237,29.916060011193863,16.666666666666668,23.503770693591434,18.77777777777778,0.3432947827188941,7.919089145461832,0.9963509158528672,0.3645075236279404,0.019656450881022455
Ahya_1829_Pelorus,0.5,-18.539904,146.495371,27.173593843459848,2.4236178284781857,-0.097754089,1.7374507733483566,30.23175036946349,16.88888888888889,23.566249653524725,19.22222222222222,0.5843806168861261,8.287672334057353,0.9967391693995679,0.3571805267182239,0.029192532950270775
Ahya_1830_Pelorus,0.5,-18.534904,146.495371,27.164907392719286,2.423217980149747,-0.096321564,1.736139848,30.224344785474532,17.22222222222222,23.56093199410463,19.22222222222222,0.5870929819411471,8.284098524289341,0.9966965565308235,0.358670222,0.029631438001532204
Ahya_1833_Pelorus,2.35,-18.539904,146.495371,27.16017598368423,2.4147260804511927,-0.098384742,1.7341322131163652,30.195095911800067,17.77777777777778,23.567056932457636,19.22222222222222,0.5244265936382086,8.236618682248528,0.9970666618687578,0.35864864802798185,0.029541346
Ahya_1846_Pelorus,2.35,-18.534904,146.495371,27.15201780997288,2.414495075035799,-0.096938702,1.733050534548021,30.188763019275342,17.77777777777778,23.561940596251784,19.22222222222222,0.529920463,8.234508581603695,0.9970109722504321,0.36020582582437444,0.029931504591517277
1965,13,-18.539904,146.500371,26.70438347436853,2.237800921317771,-0.103960856,1.663534470270909,29.433517021806473,21.444444444444443,23.40912954655518,24.555555555555557,0.16744407278180506,7.292689970768957,0.9967435750984845,0.39197212274739246,0.017845201828165402
1983,5.35,-18.539904,146.500371,27.02003452643536,2.3616549558615683,-0.104732342,1.7074782580267858,29.956076543436637,19.11111111111111,23.509168239076597,19.11111111111111,0.30846847234582386,7.882698514593177,0.9975162556956102,0.3563962129252427,0.026801407025019864
1992,9,-18.539904,146.500371,26.843967530530286,2.294895118656289,-0.112584407,1.6636760232368648,29.640914819832535,22.666666666666668,23.44825670857135,23.666666666666664,0.21582261851657958,7.519456721994578,0.9971594770502306,0.37035444844131493,0.020922369
Ahya_10_Pelorus,0.5,-18.559904,146.500371,27.18540429282833,2.4093531237823353,-0.099352657,1.7396337167255567,30.21166292513126,17.444444444444443,23.592716684554258,18.88888888888889,0.5846291380755159,8.266105054614835,0.9968506590984202,0.3584182121583382,0.027181817
Ahya_1_Pelorus,2.35,-18.559904,146.500371,27.159979215592895,2.3955599009210813,-0.093583354,1.737851391955673,30.16215199298778,16,23.593670115145127,19,0.5067474295515297,8.189452775510093,0.9970684875277167,0.35870626662783817,0.026423722
Aken_1822,5.35,-18.559904,146.500371,26.990506655235972,2.342583396,-0.084656963,1.712332719449355,29.91238143538135,16.555555555555557,23.52293573414406,19.88888888888889,0.3100252738144319,7.868318075692091,0.9967451211453451,0.3644974482724785,0.022088916074190904
Aken_1913,9,-18.559904,146.500371,26.82951193552055,2.29047128,-0.091003064,1.6729283410381552,29.657122368621707,18.333333333333332,23.455526000143603,19.22222222222222,0.21692464845107381,7.603802281842939,0.9959526045844806,0.377387982,0.016928061
Ahya_221,2.35,-18.559904,146.505371,27.157687197915237,2.3955386887657495,-0.094484927,1.7377458987516985,30.159311025218912,16.11111111111111,23.591134998294418,18.88888888888889,0.5020218540683025,8.190852678479166,0.9970671700962518,0.359056316,0.026657064
Ahya_222,0.5,-18.559904,146.505371,27.182377364331302,2.409233366320577,-0.099889574,1.7394895252218148,30.20812236167989,17.22222222222222,23.590021102783012,18.88888888888889,0.5789108473883773,8.265446992133182,0.9968371515263005,0.35882475391951174,0.027426964497200702
Aspat_902,5.35,-18.559904,146.505371,26.99049995184136,2.3427688851530406,-0.086070311,1.7117899786631576,29.91272729407556,17.22222222222222,23.521502247882175,20.88888888888889,0.30683695734268013,7.865190679982793,0.9968070540125158,0.36370094509150325,0.022271745770589525
Ahya_188,2.35,-18.424904,146.985371,27.06050615213902,2.028730361287256,0.019796559,1.8407414,29.765850051168265,16,24.25481351266976,21,0.4934177761786754,7.102251724873319,0.9956891613521314,0.35379008609504287,0.061377404235352026
Ahya_202,5.35,-18.424904,146.985371,26.930979266554143,1.9611272084058282,-0.008406182,1.7866864413443961,29.503108868849445,16.88888888888889,24.212920236000954,19.11111111111111,0.3126916256701575,6.687016206267675,0.996935631,0.34638843039430456,0.059154938744589644
Aken_1393,9,-18.424904,146.985371,26.77293546651666,1.8623635069268643,-0.042466345,1.7225505408928612,29.165280935409466,22.11111111111111,24.19172299250842,22.333333333333336,0.28100790306242734,6.176880420414253,0.9969707245469626,0.3531699087827715,0.056082864
Aspat_964,0.5,-18.424904,146.985371,27.104188000116324,2.056843281627279,0.030657426818260117,1.8583693385081086,29.852405054592797,16.11111111111111,24.264710978816982,20.11111111111111,0.618039594,7.287307230431534,0.9943695061910859,0.3501231545497728,0.062012735
Ahya_10_Kelso,2.35,-18.444904,146.990371,27.040232811485925,2.0388262644810218,0.027139495983318617,1.8435719104275121,29.765471378123888,15.777777777777779,24.221479146621913,18.333333333333336,0.5230611063723871,7.153453217057294,0.9957939740038277,0.357853761,0.062260229
Ahya_10_Myrmidon,0.5,-18.279904,147.380371,27.30499338707577,1.8844766456913147,0.086531166,1.8793210116280477,29.862252661720063,16.88888888888889,24.773559515783937,18.666666666666664,0.6460432123270757,6.749127768043581,0.9933762493827207,0.27419030680470574,0.058936919792178695
Ahya_12_Myrmidon,2.35,-18.279904,147.380371,27.249872022722915,1.846676255,0.066973979,1.8448736639970151,29.74737908,16.77777777777778,24.76327092,19.88888888888889,0.47430219391275136,6.426307699262118,0.9957780374532904,0.2771272523518099,0.057898899
Ahya_16_Myrmidon,5.35,-18.279904,147.380371,27.141571320896684,1.794507984860052,0.033653299,1.7891665673335733,29.526162837076495,19.333333333333332,24.710985665798063,19.88888888888889,0.2622948464198611,5.962134055663697,0.9972520185597034,0.26688412387023047,0.057037228147787104
Aken_32,9,-18.279904,147.380371,27.04075711200348,1.734132341,0.003927781,1.7457452768745587,29.30689399260953,18.77777777777778,24.684131431265094,26,0.21704589422826637,5.504864999044157,0.9980404477421597,0.2495166986956572,0.054854101
1918,13,-18.824904,147.625371,26.54378967,1.7599979715620402,-0.10357808,1.7034930307216956,28.777851967201798,18.333333333333332,24.06804517,26.11111111111111,0.23728590389608337,5.5500993072218225,0.9981368887386901,0.3547558243608133,0.053046027
1939,5.35,-18.824904,147.625371,26.817713747156972,1.9434769358055473,-0.024785028,1.8231985787209648,29.37498437,15.222222222222221,24.094409526243112,20,0.30152518002043777,6.671192870930773,0.9969204865915942,0.33409634485446116,0.055274175623910134
Ahya_239_Davies,0.5,-18.824904,147.625371,26.950652577816577,2.0231362389022465,0.020049469214831327,1.887303636,29.65762047414275,15.555555555555555,24.12588939533399,19.666666666666664,0.5394593817386796,7.2300020149628565,0.9946546300662537,0.3386765054267199,0.056612534948104594
Ahya_273_Davies,2.35,-18.824904,147.625371,26.925661890663253,2.004728004690909,0.011697626115358602,1.8764856711875328,29.602858193029977,15.11111111111111,24.124390656901564,19.666666666666664,0.46769906953031104,7.106829262287901,0.9955182237256388,0.34053908694834867,0.056247448525318336
Aken_1983,9,-18.824904,147.625371,26.68652297,1.8548067529849372,-0.073219717,1.7539374211135867,29.07926222,20.77777777777778,24.078442362845493,23,0.2605764804977986,6.107990771578585,0.9977166916153526,0.3347014172852338,0.053911774
1742,13,-18.814904,147.635371,26.536356451515015,1.7515376786891728,-0.103179523,1.7026282609884236,28.760387538874998,17.77777777777778,24.06752992166043,26.22222222222222,0.20395169110509662,5.520721374,0.9982318593285624,0.35882540350303205,0.051821668960026324
1759,5.35,-18.814904,147.635371,26.809880995260244,1.9432213375165017,-0.022835252,1.818538138936605,29.36856681702058,15,24.089774189224748,22,0.28908287777841174,6.642935872650592,0.997056912,0.3357199408569945,0.05479122
2126,5.35,-18.829904,147.635371,26.80509940536012,1.9445300349901022,-0.020262586,1.8211166941964854,29.364105768377318,15.333333333333334,24.088144971734398,20.11111111111111,0.2905373397771405,6.650360018503515,0.9970667825779889,0.34048384099547513,0.056035178
2131,9,-18.829904,147.635371,26.65794074583298,1.8460324882186394,-0.071874855,1.7449978620383952,29.036898907969437,20.88888888888889,24.068450441333876,22.333333333333336,0.2478499014336484,6.055940135921792,0.9979885376824621,0.34824779162049624,0.055565452
2142,5.35,-18.834904,147.635371,26.810276075623374,1.9472623398618023,-0.019100058,1.8231870227672091,29.374054989978053,15.222222222222221,24.09005185048109,20,0.2904940322657005,6.659353109619525,0.9970187575630419,0.3414909459905263,0.056326583
2148,2.35,-18.834904,147.635371,26.923133810905792,2.0048037903476277,0.015465043,1.8752969306842078,29.60183950105733,15.11111111111111,24.127503599646275,19.77777777777778,0.48985787081845805,7.111830888213791,0.995545196,0.34296834747559524,0.056317332582199175
1713,13,-18.829904,147.650371,26.529102166087043,1.7549469907708801,-0.102171995,1.701086678522358,28.756005365910973,19,24.060698891518673,23.88888888888889,0.22837349979456176,5.527955382,0.998478327,0.3722164699675234,0.053696930855484555
1729,5.35,-18.829904,147.650371,26.816911466175355,1.9516232742585764,-0.015930019,1.8220968018306987,29.388273846933046,14.88888888888889,24.09354827985916,20,0.2829155741367258,6.647962252400101,0.9970054640528173,0.34247290500036104,0.056082368573908734
1734,9,-18.829904,147.650371,26.67961233790511,1.8589529587093403,-0.068262287,1.746829067632958,29.071114323748642,20.666666666666668,24.07273568833615,22,0.23079573105421697,6.091199754729424,0.9980562909882844,0.35228655221213856,0.055695882
1820,13,-18.819904,147.665371,26.568633388203402,1.7712016104618902,-0.105119046,1.704854978756817,28.806773751886443,19.88888888888889,24.070908421505006,25.22222222222222,0.24947038274200234,5.545874351103927,0.9985818905374335,0.3639233682723612,0.052334486
1837,5.35,-18.819904,147.665371,26.820564862862703,1.9478492727161896,-0.018987099,1.8162536499741595,29.383558013397373,15,24.101585413095126,21.22222222222222,0.29471043963388527,6.6031006557174114,0.9970536356406761,0.3443461190757624,0.055863399
1843,9,-18.819904,147.665371,26.693479391787875,1.859364293647698,-0.071563249,1.745319062661471,29.081848837566262,20.22222222222222,24.081983850326974,21.444444444444443,0.2527230221794873,6.062513539819593,0.9981099492288512,0.353137231,0.054816248574671544
1784,13,-18.804904,147.670371,26.571411697586502,1.7689334954328018,-0.099297161,1.705725500221946,28.81624849954441,19.666666666666668,24.08099146789433,27.444444444444443,0.22876170693702483,5.547140254674596,0.998489942,0.35464996008797217,0.051062658
1804,9,-18.804904,147.670371,26.691866807912287,1.855081622311677,-0.067250947,1.7462900248393207,29.082323719241746,20.666666666666668,24.089174851775272,25.555555555555557,0.24313859690407894,6.026980183217252,0.9980716585070649,0.3447914420281131,0.053425412
1812,5.35,-18.804904,147.670371,26.815608273579162,1.9446334231907056,-0.017342478,1.8169320332307604,29.377884999437526,15,24.102408198292085,23.77777777777778,0.27597310347719445,6.590332793810472,0.9971641115903043,0.3394784062634306,0.054888755
2193,5.35,-18.949904,147.690371,26.71513891,1.9492162585640094,-0.020672205,1.8351397315339752,29.286574725047913,14.666666666666666,23.989640292690595,21.88888888888889,0.2907838312307069,6.747041981360061,0.9958190631063766,0.3460952328480129,0.054751539
103,5.35,-18.949904,147.695371,26.70675850208055,1.9467081024377362,-0.019327964,1.8336330329380193,29.275080062940514,14.666666666666666,23.988273276204783,22,0.29195647545480785,6.723645213058997,0.9958864707572205,0.34668168610868993,0.054836141233469866
100,5.35,-18.944904,147.700371,26.713570199290725,1.9459107959626465,-0.020352342,1.8352393758401802,29.281903076747938,14.555555555555555,23.993434145154396,23.22222222222222,0.28829231096874836,6.702627918272297,0.9961125306199713,0.34686058912381357,0.055537682
155,5.35,-18.949904,147.700371,26.704262087800892,1.9449143534018356,-0.018669438,1.8343471767880843,29.270830006960292,14.555555555555555,23.989242182722432,22.666666666666664,0.29143171099143816,6.704737742055392,0.9960057983499162,0.3485012278885689,0.05534564
1903,5.35,-18.659904,147.700371,26.918151131170045,1.900382804078017,0.00312009,1.787313574574269,29.437511013207132,16.555555555555557,24.308074581628375,25.333333333333336,0.25774893337542937,6.427559759974748,0.9975123931603368,0.3106513486614319,0.055673867
2217,9,-18.944904,147.700371,26.590399799736254,1.8585882426852878,-0.074978361,1.753395886057417,28.97215158154787,20.444444444444443,23.978134799931446,23.77777777777778,0.24216369542330188,6.1369683172472564,0.9968959193672892,0.3542261487297188,0.052913143
144,5.35,-18.659904,147.705371,26.907684197585894,1.897267066281186,0.002846995,1.784830315770999,29.423996759604698,18.11111111111111,24.304156393834834,25.333333333333336,0.25928844471923124,6.401071897189708,0.9975851564287656,0.31017696447628434,0.055697368421641226
Ahya_1838,0.5,-18.669904,147.705371,27.062065626741298,1.9814136797024469,0.041774986,1.8576376230372211,29.720572999829205,14.666666666666666,24.34057191748614,19.444444444444443,0.5763978138597896,7.010387131732061,0.9948906835147124,0.32422210733160456,0.056420727
Ahya_301,2.35,-18.669904,147.705371,27.02561436952644,1.9583796455412126,0.03083108,1.839862814072716,29.64485990798358,15.88888888888889,24.33293899732648,19.555555555555557,0.4546765695429157,6.832354463243942,0.9961775256271328,0.32383436833909274,0.055464924389519235
Aken_1859,5.35,-18.669904,147.705371,26.90603829594577,1.8999419874647345,0.001756825,1.7880407105874137,29.427867296714755,16.444444444444443,24.294463128659054,21.77777777777778,0.2861549349193649,6.403729326674359,0.9976251673470421,0.3111832599375025,0.055357986
Aken_1875,9,-18.669904,147.705371,26.763618989687956,1.8115102770074285,-0.034239044,1.7260301376554965,29.13376420516828,19.22222222222222,24.273690974414254,29.22222222222222,0.2824878845977704,5.823543842,0.998298808,0.3110562760832813,0.057028515
131,5.35,-18.654904,147.710371,26.907989433794754,1.8948232300029826,0.003453739,1.7818341699363596,29.418857269871868,18.11111111111111,24.311537145547266,24.333333333333336,0.24994743479145887,6.387271408078276,0.9975735694430353,0.3105088922794645,0.05582181
1864,9,-18.654904,147.710371,26.75181183024619,1.7978694931194312,-0.028322479,1.7191143646425942,29.09960876872809,17.88888888888889,24.293774194822056,28.555555555555557,0.2421793213712731,5.7811396250408125,0.998038162,0.31761782009881157,0.058615844
Ahya_10_Chicken,0.5,-18.654904,147.710371,27.071594996538064,1.981968292811099,0.043862631,1.8501901345073202,29.73020541234253,14.777777777777779,24.35498177505806,19.555555555555557,0.5800442744417164,6.992018001,0.9950771557707693,0.31885351583515686,0.05570216
Ahya_2_Chicken,2.35,-18.654904,147.710371,27.033631492081017,1.958154135752197,0.032445517261865404,1.8324406379842522,29.64965061,16,24.34822464051544,20.444444444444443,0.4482786521240221,6.806993054456543,0.9962906737638996,0.3204451368299303,0.055020481
117,9,-18.649904,147.720371,26.779475918995583,1.8055348343496755,-0.025050103,1.7239287419237692,29.134773346799783,17.88888888888889,24.31116590164061,28.333333333333336,0.2418318755935949,5.828673158,0.9980413282883683,0.31649240103985316,0.058200856902775204
1888,5.35,-18.649904,147.720371,26.92669097672618,1.898283053628016,0.006738513,1.7825859763261986,29.441789485485852,16.22222222222222,24.32844926035633,24.333333333333336,0.2533491446006085,6.389977550320387,0.9975346340169614,0.31178426517248364,0.055768794374456844
1465,2.35,-23.084904,150.885371,25.144141431194896,2.719830490664222,-0.102622059,1.7505321106389227,28.793876180805658,15.333333333333332,21.15708899700191,19.22222222222222,0.6347193958307839,9.243062593648393,0.9979926609818313,-0.069342204,-0.027894573
1427,5.35,-23.084904,150.900371,25.025090241431286,2.6637599066501023,-0.103253946,1.7254187338913585,28.57491085462353,16.11111111111111,21.136376549455314,20.333333333333336,0.34100490440566933,8.864624391832294,0.9981322795030139,-0.05820426,-0.032215747
1483,5.35,-23.149904,150.900371,25.068471693277925,2.7409022398564273,-0.128931904,1.7067864931430963,28.656951222255337,16.666666666666668,21.042160092673438,19.444444444444443,0.32904269279159715,9.083179989089704,0.9982438264508572,0.12937782291470495,-0.037300171
1472,5.35,-23.149904,150.905371,25.066340337164156,2.7337562043316677,-0.127501015,1.7052110894645682,28.646775108295664,16.666666666666668,21.052807434122364,19.444444444444443,0.32391033065081315,9.044508995377987,0.998238675,0.12549782529371467,-0.037169289
1491,5.35,-23.159904,150.920371,25.065153441436426,2.7178384661109787,-0.119647541,1.6986983746806246,28.638205668239898,16.22222222222222,21.087359930795838,19.77777777777778,0.3406491948522982,8.976803948067275,0.9980952220413181,0.10189744547934419,-0.034541526
1429,2.35,-23.194904,150.935371,25.12640762,2.710480751825342,-0.063636465,1.775307170057521,28.812326231593225,13.555555555555555,21.211164701711567,20.88888888888889,0.5998447702433475,9.310327816,0.998202683,-0.035895171,-0.027902993
1433,5.35,-23.194904,150.935371,25.056493027203274,2.683537379,-0.105974954,1.6784766692515496,28.611030783050698,16.88888888888889,21.161319619477542,20.666666666666664,0.3833578684679271,8.791153524,0.9985170735388101,0.048524459059168676,-0.031775481
1446,5.35,-23.199904,150.965371,25.01531038659025,2.645648592141302,-0.088399389,1.690304407711139,28.551302237338817,16.333333333333332,21.20295829170988,22,0.34951636248954204,8.733978951780177,0.9986431247095239,0.028700293154065755,-0.035924399
1393,13,-23.434904,151.920371,24.65873407118271,2.080476707592633,0.03579198,1.689532434341301,27.58450223064218,18.444444444444443,21.868567861396336,23.11111111111111,0.23547087017623153,6.800793573268522,0.9986193332364959,0.11655592710648859,-0.049896819
1409,5.35,-23.434904,151.920371,24.65573614135537,2.082626921588564,0.03488213,1.6887037226705786,27.58368252516182,18.444444444444443,21.862364850452543,21.444444444444443,0.24385777395396888,6.810442838123197,0.9986004386555769,0.11760548935256888,-0.049868925
1330,5.35,-23.454904,151.925371,24.691236286736043,2.106794380758195,0.017819751619998228,1.6752148328743115,27.63854547270279,17.666666666666668,21.85222335262191,21,0.26597519240269074,6.787220971687447,0.9987395056512172,0.1192319738401275,-0.049871105
1279,13,-23.469904,151.950371,24.70923128595987,2.109613614900647,0.004682077,1.6728473497724963,27.656688228490637,17.11111111111111,21.845879458811577,20.444444444444443,0.17879346925479458,6.702610759,0.9989912161714009,0.12388549200084101,-0.050024679
1289,9,-23.469904,151.950371,24.709548332406627,2.109562239601684,0.004585645,1.6725305416673082,27.65695004062795,17.11111111111111,21.84646226253762,20.555555555555557,0.18228048546483908,6.703102275,0.9989923008111434,0.12275149536712965,-0.049959138
1292,5.35,-23.469904,151.950371,24.71054636741267,2.109436363187095,0.00561095,1.6732701721360368,27.65958262852349,17.11111111111111,21.84868560400707,20.333333333333336,0.21572623,6.721032010504113,0.9989409085537477,0.12260051598193583,-0.049935499
1367,13,-23.429904,151.950371,24.631624909500673,2.0450878126830827,0.034734006514022815,1.6901478514413775,27.50772452632373,18,21.880900127459615,23.11111111111111,0.26846490744594176,6.7016802964274325,0.9985585938370299,0.12413050667599648,-0.050063422
1378,5.35,-23.429904,151.950371,24.638268372265436,2.0575682346475976,0.031898612840735946,1.6881691792194393,27.53245033,17.555555555555557,21.869479357245943,21.444444444444443,0.2852866709217003,6.747243791825812,0.9985083895302944,0.12504117049288208,-0.050003449
1352,0.5,-23.454904,151.970371,24.68808007756215,2.104402710159367,0.015258215016082974,1.6846651492370608,27.64044776348657,15.666666666666668,21.83735338221748,19.11111111111111,0.4426748476530465,6.837773727859747,0.9982861466962136,0.11531249335957788,-0.049214005
1360,2.35,-23.454904,151.970371,24.70049305466392,2.1047049172847645,0.015099075335425363,1.684432922901487,27.65291809150798,15.666666666666668,21.849188001122645,19.11111111111111,0.4446791558964223,6.835829701293262,0.9983033279197796,0.11326174979524148,-0.049130403
1305,13,-23.469904,151.975371,24.686988646410057,2.0769171440241623,0.004343404,1.6808309575381035,27.595256887043362,17.11111111111111,21.86134673562923,20.444444444444443,0.2349214923884662,6.605646656629154,0.9989313140337476,0.13418215243297085,-0.050234563
1316,9,-23.469904,151.975371,24.689359029124507,2.080013924842025,0.004476891,1.680065487445048,27.602787592612135,17.11111111111111,21.86017648406305,20.22222222222222,0.2377029859140233,6.6137061711512395,0.9989265825307307,0.13291116574615638,-0.050161499
1308,13,-23.469904,151.980371,24.677909628638787,2.0657732266044175,0.00397087,1.6815828111592601,27.57122298400718,17.333333333333332,21.86705521946163,20.555555555555557,0.2507798379284137,6.574411201316229,0.9989230661058585,0.1360239877293706,-0.050177341
1325,9,-23.469904,151.980371,24.676637530765085,2.0660655111784534,0.003870403,1.681211285,27.570844181740405,17.333333333333332,21.865501762431563,20.555555555555557,0.25079964127620824,6.566847266114568,0.9989259532186179,0.13527795607451473,-0.050114546
Aspat_1717,0.5,-23.439904,151.980371,24.666615133962246,2.0753825258952974,0.019388362363849193,1.687907061787115,27.581992650497344,15.88888888888889,21.857488787214802,19.77777777777778,0.44436532938853185,6.775378480017395,0.9982553224352012,0.11948502900176985,-0.049227443
Aspat_1737,2.35,-23.439904,151.980371,24.672297331268823,2.075532563848454,0.0193665,1.6878322897136087,27.587635226693727,15.666666666666668,21.862914662354363,19.77777777777778,0.4436057117084254,6.774967493423982,0.998261929,0.1182502323739598,-0.049173396
Aspat_1748,0.5,-23.439904,151.985371,24.66134628884437,2.064380420963432,0.019432157725787907,1.6885922505625548,27.560619445103377,16.333333333333332,21.866608911687564,19.88888888888889,0.43887354359237907,6.730350433118326,0.9983097595276966,0.11894660575990663,-0.049180568
Ahya_127a,2.35,-23.444904,152.025371,24.58817536644935,1.9691794395024138,0.015173910014323983,1.6841079877947716,27.34671066557656,16,21.919564711374377,22.88888888888889,0.4105053872387369,6.399205206,0.9985290352075876,0.12530062895672112,-0.048768173
Ahya_129a,5.35,-23.444904,152.025371,24.591373406531645,1.9692457769787926,0.015432925397106919,1.6843013864491474,27.349565109760782,16,21.922852458579232,22.88888888888889,0.41196654311322345,6.4089356400820385,0.9985279299853466,0.1236810334894562,-0.048713163
Ahya_142a,0.5,-23.444904,152.025371,24.580062686222366,1.969090514712134,0.015331736155770031,1.6841899477799418,27.338918544561206,16,21.91176220996051,22.88888888888889,0.41051006562853437,6.401256226757273,0.9985203558811214,0.1269950642735634,-0.048843286
Ahya_150a,2.35,-23.439904,152.025371,24.57994028428797,1.9615291423255736,0.017496279165354466,1.6839720561019773,27.327495402945708,16.11111111111111,21.924318985419724,23,0.434052983,6.4026124667129025,0.998494985,0.12382246686436692,-0.048630831
Ahya_152a,0.5,-23.439904,152.025371,24.571194246281603,1.9614421002427214,0.017640467938398588,1.6840432584983651,27.31912026678023,16.11111111111111,21.91591287615248,22.88888888888889,0.4349514657798779,6.405178219132929,0.9984859206864258,0.12543307998417486,-0.048704966
Ahya_121a,0.5,-23.454904,152.030371,24.552326631466947,1.9390125689038222,0.008888852,1.6787689666601948,27.26915646995638,15.777777777777779,21.921394725035718,24.11111111111111,0.43911223823004647,6.280716398,0.9986575519715595,0.1414886921278649,-0.049080796
Ahya_124a,2.35,-23.454904,152.030371,24.558890350602816,1.9391387396740405,0.008778375,1.678755235658296,27.275388400155652,15.777777777777779,21.927643150045423,23.77777777777778,0.43984461609198994,6.278606851954716,0.9986637737555161,0.13975721901232044,-0.049006325
Aspat_1687,0.5,-23.614904,152.145371,24.323650153825156,1.7217396267021756,0.061166773,1.6549449631158877,26.75334734118344,20,22.060610936875335,25.77777777777778,0.2050461868949332,5.632425235820827,0.998557852,0.24945557111693456,-0.052777405
Aspat_1695,0.5,-23.614904,152.150371,24.32124986062737,1.7216051019406309,0.059465992480950074,1.651608645021728,26.749926120635767,20.11111111111111,22.057814129346756,26,0.21431672052208067,5.629991721,0.9985681275584837,0.2530705263316452,-0.052788429
Aspat_1704,0.5,-23.609904,152.150371,24.32434440608095,1.7192412264610395,0.061624184,1.6555252472497508,26.755335839990913,19.333333333333332,22.064060307553437,25.77777777777778,0.19891921627695994,5.619206471184431,0.9985591730251484,0.24815209068782093,-0.052680213
Aspat_1656,2.35,-23.614904,152.155371,24.32879748639637,1.7217189664024672,0.058229537131132485,1.6485643418585214,26.75733329184521,20.11111111111111,22.063430217919873,25.77777777777778,0.21555537101155697,5.6170965278459635,0.9985959885031422,0.24943682743303325,-0.052499971
Aspat_1657,0.5,-23.614904,152.155371,24.321541260156252,1.7218838084372259,0.058227750633971634,1.6485623507563227,26.750200028691072,20.22222222222222,22.05628705759465,25.77777777777778,0.22084873536774044,5.617510909733368,0.9985862010859611,0.25085413097154935,-0.052577909
Ahya_10a,0.5,-21.954904,152.295371,25.523045621608677,1.8444478256119528,-0.030615088,1.6389427523046307,27.98745859621436,21,22.93582710204386,19,0.2413964973395411,5.841070319,0.9990949081770669,0.25968099417359336,-0.011652374
Ahya_16a,0.5,-21.964904,152.305371,25.510619115732425,1.8404330089789902,-0.027600887,1.637238002,27.967098485195447,22.444444444444443,22.93120168145012,19,0.21447353561094407,5.799627216800929,0.9992315067072661,0.25937040989491167,-0.011915264
Ahya_17a,5.35,-21.964904,152.305371,25.506616583682316,1.8373699181360517,-0.025338572,1.6399765586313324,27.95767059434796,22.333333333333332,22.933153621394794,19.77777777777778,0.1694177705861808,5.795648658282511,0.9993195455297906,0.25976413930144615,-0.012260239
Ahya_18a,2.35,-21.964904,152.305371,25.512638521154155,1.838944160775921,-0.027707599,1.636705911757697,27.966535882971172,22.555555555555557,22.93556853902839,19.77777777777778,0.19463249461232354,5.776437411168868,0.9992926097872578,0.2602003339180502,-0.012034923
Ahya_100a,2.35,-23.904904,152.385371,24.28833657468249,1.7086585917243298,0.055464604678657395,1.6422116521987693,26.701300880151503,20.666666666666668,22.032200390876216,26.555555555555557,0.15039465980356737,5.505982229235343,0.9988718644892263,0.2793715729379189,-0.052327075
Ahya_103a,0.5,-23.904904,152.385371,24.280029031729015,1.7086182458706634,0.055507508,1.6421413308040362,26.692732712350267,20.333333333333332,22.02435522,26.444444444444443,0.1537548164703755,5.506250633304117,0.9988514879684192,0.28281823392623445,-0.052480267
Ahya_105a,9,-23.904904,152.385371,24.28944827524715,1.7083886600829667,0.054573493458631356,1.6406655754211892,26.700076192762946,20.666666666666668,22.03331683140453,26.444444444444443,0.14626989462605666,5.499405938210163,0.9989053714520972,0.2798604686705894,-0.052252034
Ahya_1780,2.35,-23.909904,152.385371,24.28870012352702,1.710391009958407,0.052836728,1.6390933565139052,26.699182494886017,20.555555555555557,22.02912634835337,26.555555555555557,0.16306430964392946,5.5186351317363345,0.9988377930905693,0.2790898067370707,-0.052133971
Ahya_1787,0.5,-23.909904,152.385371,24.27989193090833,1.710403547940362,0.052851375,1.6390008379745828,26.690086152507607,20.555555555555557,22.020694689829135,26.444444444444443,0.16595118060796332,5.5192910864939035,0.9988156449519705,0.2822151585133194,-0.052259369
Ahya_76a,5.35,-23.904904,152.385371,24.290000457783204,1.709080148095126,0.054958406,1.6413226431968706,26.70240896594159,20.666666666666668,22.03315822841626,26.555555555555557,0.14953233283824408,5.506239034063909,0.9988813451412208,0.2766832540751891,-0.052173425
Aspat_1596,5.35,-23.909904,152.385371,24.29058713871835,1.7106008995037179,0.052608678902615884,1.6387237624554298,26.700905000961278,20.555555555555557,22.030637155118338,26.555555555555557,0.1623634737394924,5.518627951883484,0.9988488788653233,0.27858802263328586,-0.05207612
1259,9,-23.919904,152.390371,24.292473473079006,1.709051741148242,0.04953142,1.6364445945443724,26.699510044808548,20.88888888888889,22.031370781873626,26.444444444444443,0.157237687,5.497557603422622,0.9988938732907053,0.29190933665641267,-0.052297991
1265,5.35,-23.919904,152.390371,24.293100939473966,1.7115981026948184,0.049527465714098384,1.6368791302156593,26.702441274599515,20.77777777777778,22.02910801306278,26.555555555555557,0.17665235478978533,5.5185780432355145,0.9988550663520691,0.2868906727469948,-0.052192332
1274,5.35,-23.914904,152.390371,24.291204823038633,1.712457191017163,0.050360179755084396,1.6368244087261623,26.70076837696895,20.555555555555557,22.027716910061677,26.222222222222218,0.19320414766812113,5.532656528830707,0.9988210692958215,0.2818562812942372,-0.052106157
1192,5.35,-23.899904,152.395371,24.28939372841551,1.7204317118593062,0.052531705,1.6388641152123928,26.709556866683453,20,22.019126482049106,26.222222222222218,0.20974180972343942,5.543022866678587,0.9988136836297313,0.27689966071887323,-0.052261646
1201,5.35,-23.894904,152.405371,24.290845426156135,1.7208999047660054,0.055812963,1.6424928436280846,26.71527609386132,20.22222222222222,22.022065265529825,25.555555555555557,0.19339994732845295,5.536459833190307,0.9988615400633207,0.2806550485847847,-0.052658417
1207,9,-23.894904,152.405371,24.293857241745478,1.7203780060313592,0.055499609,1.6420410947398116,26.716857949298575,20.22222222222222,22.025644761928497,25.555555555555557,0.19407907473569128,5.5358814704035035,0.9988659941737928,0.2827265781975634,-0.052716447
1,5.35,-23.884904,152.415371,24.298151335473225,1.7149825384384867,0.064988782,1.6514053177516792,26.724636944726576,20.444444444444443,22.041502974709065,25.444444444444443,0.18347864636190078,5.526800067746572,0.9989309141540099,0.2717139024622822,-0.052819941
1213,5.35,-23.894904,152.415371,24.295278302483894,1.7263224371060966,0.05320101,1.6402380170017787,26.72258665251605,20,22.018019943504928,25.555555555555557,0.2389322237736522,5.544273052208453,0.9988129104480842,0.28250547435896617,-0.052657862
Ahya_1781,2.35,-23.884904,152.415371,24.297239663769925,1.7148527213206346,0.065574185,1.6521461843993785,26.724572616842508,20.444444444444443,22.04096223777684,25.444444444444443,0.18434065649804215,5.526651017388875,0.9989297244587764,0.2733400152520217,-0.052928076
Ahya_38a,0.5,-21.474904,152.560371,25.790252459060728,1.764014407317588,0.037176381,1.756797485506035,28.244938864450724,15.444444444444445,23.341064916006516,21.11111111111111,0.46310628067784426,5.947855827717987,0.9962503756240086,0.3158792798313206,-3.34E-04
Ahya_60a,5.35,-21.469904,152.560371,25.72476956162697,1.7378231601728014,0.031326636,1.7292760077253333,28.132085129521474,20.11111111111111,23.310052463717845,20.555555555555557,0.2593076703409705,5.693105293109651,0.9981379941201638,0.3276165850756059,-0.002502375
Ahya_81a,2.35,-21.469904,152.560371,25.775633767131126,1.7558544353519991,0.033444411,1.7423767232575749,28.213327118273764,16.666666666666668,23.337222147459322,20.22222222222222,0.36229160464929017,5.846387795649709,0.9974238731067464,0.3230007994026098,-2.68E-04
Ahya_52a,2.35,-21.469904,152.565371,25.780315506039837,1.7576329704049924,0.035645996526048135,1.7435713907994752,28.222809711077293,16.88888888888889,23.341502239428074,20.22222222222222,0.3660534085914749,5.851868250936223,0.9973767618039906,0.3253250664971591,-2.47E-04
Ahya_55a,5.35,-21.469904,152.565371,25.731009283176466,1.740155235386467,0.033655291,1.7307254204732188,28.144684531252746,18.555555555555557,23.315158467405094,20.666666666666664,0.2659235986169728,5.706804274074719,0.9980867651230286,0.32958625775692146,-0.002410832